Date,Currency,INR to Currency,Currency to INR
17-01-2025,US Dollar,0.011552,86.563897
17-01-2025,Euro,0.011215,89.165363
17-01-2025,British Pound,0.009469,105.606464
17-01-2025,Australian Dollar,0.018575,53.837022
17-01-2025,Canadian Dollar,0.016636,60.112117
17-01-2025,Singapore Dollar,0.015784,63.353871
17-01-2025,Swiss Franc,0.010555,94.743881
17-01-2025,Malaysian Ringgit,0.052055,19.210343
17-01-2025,Japanese Yen,1.803476,0.554485
17-01-2025,Chinese Yuan Renminbi,0.084621,11.817406
18-01-2025,US Dollar,0.011551,86.573562
18-01-2025,Euro,0.01123,89.050794
18-01-2025,British Pound,0.00949,105.375514
18-01-2025,Australian Dollar,0.018658,53.597575
18-01-2025,Canadian Dollar,0.016729,59.777121
18-01-2025,Singapore Dollar,0.015814,63.236476
18-01-2025,Swiss Franc,0.010572,94.593118
18-01-2025,Malaysian Ringgit,0.052051,19.211862
18-01-2025,Japanese Yen,1.805582,0.553838
18-01-2025,Chinese Yuan Renminbi,0.084609,11.819054
19-01-2025,US Dollar,0.011551,86.575683
19-01-2025,Euro,0.011251,88.879703
19-01-2025,British Pound,0.00949,105.372771
19-01-2025,Australian Dollar,0.018652,53.61248
19-01-2025,Canadian Dollar,0.016725,59.790493
19-01-2025,Singapore Dollar,0.015821,63.208342
19-01-2025,Swiss Franc,0.010572,94.592714
19-01-2025,Malaysian Ringgit,0.052051,19.211874
19-01-2025,Japanese Yen,1.805938,0.553729
19-01-2025,Chinese Yuan Renminbi,0.084607,11.819332
20-01-2025,US Dollar,0.011599,86.216015
20-01-2025,Euro,0.011151,89.674055
20-01-2025,British Pound,0.009434,105.998048
20-01-2025,Australian Dollar,0.018537,53.947
20-01-2025,Canadian Dollar,0.016635,60.114592
20-01-2025,Singapore Dollar,0.015735,63.552481
20-01-2025,Swiss Franc,0.010534,94.928191
20-01-2025,Malaysian Ringgit,0.052137,19.180292
20-01-2025,Japanese Yen,1.805417,0.553889
20-01-2025,Chinese Yuan Renminbi,0.084826,11.788879
21-01-2025,US Dollar,0.011561,86.494107
21-01-2025,Euro,0.011117,89.95487
21-01-2025,British Pound,0.009399,106.391704
21-01-2025,Australian Dollar,0.01847,54.140563
21-01-2025,Canadian Dollar,0.016623,60.156224
21-01-2025,Singapore Dollar,0.015665,63.835668
21-01-2025,Swiss Franc,0.010494,95.294955
21-01-2025,Malaysian Ringgit,0.051747,19.324637
21-01-2025,Japanese Yen,1.795592,0.556919
21-01-2025,Chinese Yuan Renminbi,0.084064,11.895633
22-01-2025,US Dollar,0.011569,86.436398
22-01-2025,Euro,0.011103,90.065476
22-01-2025,British Pound,0.009392,106.471045
22-01-2025,Australian Dollar,0.018444,54.216707
22-01-2025,Canadian Dollar,0.016633,60.120446
22-01-2025,Singapore Dollar,0.01568,63.775639
22-01-2025,Swiss Franc,0.010493,95.304504
22-01-2025,Malaysian Ringgit,0.051337,19.478944
22-01-2025,Japanese Yen,1.809586,0.552613
22-01-2025,Chinese Yuan Renminbi,0.084134,11.885869
23-01-2025,US Dollar,0.011566,86.458903
23-01-2025,Euro,0.011124,89.895652
23-01-2025,British Pound,0.009385,106.547931
23-01-2025,Australian Dollar,0.018439,54.232483
23-01-2025,Canadian Dollar,0.016632,60.123715
23-01-2025,Singapore Dollar,0.015695,63.713111
23-01-2025,Swiss Franc,0.010516,95.096176
23-01-2025,Malaysian Ringgit,0.051392,19.45827
23-01-2025,Japanese Yen,1.806343,0.553605
23-01-2025,Chinese Yuan Renminbi,0.084292,11.863536
24-01-2025,US Dollar,0.011606,86.163262
24-01-2025,Euro,0.011034,90.627905
24-01-2025,British Pound,0.009296,107.571007
24-01-2025,Australian Dollar,0.018353,54.487681
24-01-2025,Canadian Dollar,0.016628,60.141224
24-01-2025,Singapore Dollar,0.015614,64.043265
24-01-2025,Swiss Franc,0.010498,95.252689
24-01-2025,Malaysian Ringgit,0.05079,19.688749
24-01-2025,Japanese Yen,1.807112,0.553369
24-01-2025,Chinese Yuan Renminbi,0.084073,11.894364
25-01-2025,US Dollar,0.011606,86.165983
25-01-2025,Euro,0.011058,90.429549
25-01-2025,British Pound,0.009299,107.540264
25-01-2025,Australian Dollar,0.018384,54.393767
25-01-2025,Canadian Dollar,0.016679,59.957332
25-01-2025,Singapore Dollar,0.015623,64.008959
25-01-2025,Swiss Franc,0.010513,95.124566
25-01-2025,Malaysian Ringgit,0.050807,19.68215
25-01-2025,Japanese Yen,1.810102,0.552455
25-01-2025,Chinese Yuan Renminbi,0.084069,11.894987
26-01-2025,US Dollar,0.011605,86.169976
26-01-2025,Euro,0.011057,90.440364
26-01-2025,British Pound,0.009299,107.537528
26-01-2025,Australian Dollar,0.018381,54.404947
26-01-2025,Canadian Dollar,0.016646,60.072881
26-01-2025,Singapore Dollar,0.01562,64.018898
26-01-2025,Swiss Franc,0.010512,95.130283
26-01-2025,Malaysian Ringgit,0.050806,19.68256
26-01-2025,Japanese Yen,1.810433,0.552354
26-01-2025,Chinese Yuan Renminbi,0.084065,11.895581
27-01-2025,US Dollar,0.011582,86.337792
27-01-2025,Euro,0.011032,90.646147
27-01-2025,British Pound,0.009285,107.700143
27-01-2025,Australian Dollar,0.018429,54.262514
27-01-2025,Canadian Dollar,0.016661,60.021298
27-01-2025,Singapore Dollar,0.01557,64.225494
27-01-2025,Swiss Franc,0.010432,95.860204
27-01-2025,Malaysian Ringgit,0.050702,19.723159
27-01-2025,Japanese Yen,1.787873,0.559324
27-01-2025,Chinese Yuan Renminbi,0.08398,11.907653
28-01-2025,US Dollar,0.011555,86.540662
28-01-2025,Euro,0.011085,90.213295
28-01-2025,British Pound,0.009295,107.587189
28-01-2025,Australian Dollar,0.018505,54.040706
28-01-2025,Canadian Dollar,0.016632,60.126056
28-01-2025,Singapore Dollar,0.015625,64.001274
28-01-2025,Swiss Franc,0.010466,95.543393
28-01-2025,Malaysian Ringgit,0.050748,19.705172
28-01-2025,Japanese Yen,1.799523,0.555703
28-01-2025,Chinese Yuan Renminbi,0.083783,11.93563
29-01-2025,US Dollar,0.011547,86.6057
29-01-2025,Euro,0.011081,90.247767
29-01-2025,British Pound,0.009285,107.695324
29-01-2025,Australian Dollar,0.018542,53.931605
29-01-2025,Canadian Dollar,0.016678,59.959388
29-01-2025,Singapore Dollar,0.015582,64.174855
29-01-2025,Swiss Franc,0.010466,95.546731
29-01-2025,Malaysian Ringgit,0.050716,19.717667
29-01-2025,Japanese Yen,1.789831,0.558712
29-01-2025,Chinese Yuan Renminbi,0.083716,11.945085
30-01-2025,US Dollar,0.011551,86.575354
30-01-2025,Euro,0.011074,90.298281
30-01-2025,British Pound,0.009265,107.931981
30-01-2025,Australian Dollar,0.018533,53.958039
30-01-2025,Canadian Dollar,0.016646,60.074386
30-01-2025,Singapore Dollar,0.015582,64.175803
30-01-2025,Swiss Franc,0.01048,95.422043
30-01-2025,Malaysian Ringgit,0.050711,19.719695
30-01-2025,Japanese Yen,1.780349,0.561688
30-01-2025,Chinese Yuan Renminbi,0.08375,11.940329
31-01-2025,US Dollar,0.011553,86.554034
31-01-2025,Euro,0.011112,89.992187
31-01-2025,British Pound,0.009298,107.55185
31-01-2025,Australian Dollar,0.018522,53.989688
31-01-2025,Canadian Dollar,0.016731,59.770376
31-01-2025,Singapore Dollar,0.015658,63.865833
31-01-2025,Swiss Franc,0.010492,95.314905
31-01-2025,Malaysian Ringgit,0.051469,19.4292
31-01-2025,Japanese Yen,1.788958,0.558985
31-01-2025,Chinese Yuan Renminbi,0.083779,11.936122
01-02-2025,US Dollar,0.011555,86.5427
01-02-2025,Euro,0.011153,89.661895
01-02-2025,British Pound,0.00932,107.30073
01-02-2025,Australian Dollar,0.018586,53.803563
01-02-2025,Canadian Dollar,0.016789,59.561698
01-02-2025,Singapore Dollar,0.015696,63.710948
01-02-2025,Swiss Franc,0.010526,95.007036
01-02-2025,Malaysian Ringgit,0.051474,19.427242
01-02-2025,Japanese Yen,1.793171,0.557671
01-02-2025,Chinese Yuan Renminbi,0.083781,11.935859
02-02-2025,US Dollar,0.011554,86.548847
02-02-2025,Euro,0.011152,89.67403
02-02-2025,British Pound,0.009318,107.321601
02-02-2025,Australian Dollar,0.018603,53.754902
02-02-2025,Canadian Dollar,0.016784,59.580049
02-02-2025,Singapore Dollar,0.0157,63.693424
02-02-2025,Swiss Franc,0.010526,94.999956
02-02-2025,Malaysian Ringgit,0.051469,19.429072
02-02-2025,Japanese Yen,1.792703,0.557817
02-02-2025,Chinese Yuan Renminbi,0.083775,11.936734
03-02-2025,US Dollar,0.011497,86.977783
03-02-2025,Euro,0.011146,89.720919
03-02-2025,British Pound,0.009264,107.945993
03-02-2025,Australian Dollar,0.018564,53.868587
03-02-2025,Canadian Dollar,0.016752,59.694565
03-02-2025,Singapore Dollar,0.015658,63.864556
03-02-2025,Swiss Franc,0.01048,95.419309
03-02-2025,Malaysian Ringgit,0.051446,19.437695
03-02-2025,Japanese Yen,1.779348,0.562003
03-02-2025,Chinese Yuan Renminbi,0.083351,11.997402
04-02-2025,US Dollar,0.011484,87.074317
04-02-2025,Euro,0.011064,90.384947
04-02-2025,British Pound,0.009204,108.645246
04-02-2025,Australian Dollar,0.018378,54.411671
04-02-2025,Canadian Dollar,0.016457,60.763917
04-02-2025,Singapore Dollar,0.015523,64.421415
04-02-2025,Swiss Franc,0.010403,96.127429
04-02-2025,Malaysian Ringgit,0.051027,19.597322
04-02-2025,Japanese Yen,1.776087,0.563036
04-02-2025,Chinese Yuan Renminbi,0.083268,12.009351
05-02-2025,US Dollar,0.011449,87.345004
05-02-2025,Euro,0.010986,91.027538
05-02-2025,British Pound,0.009146,109.33223
05-02-2025,Australian Dollar,0.01819,54.975424
05-02-2025,Canadian Dollar,0.016356,61.140867
05-02-2025,Singapore Dollar,0.015428,64.818723
05-02-2025,Swiss Franc,0.010312,96.977743
05-02-2025,Malaysian Ringgit,0.050637,19.748301
05-02-2025,Japanese Yen,1.741871,0.574095
05-02-2025,Chinese Yuan Renminbi,0.083258,12.010897
06-02-2025,US Dollar,0.011414,87.61103
06-02-2025,Euro,0.011008,90.846579
06-02-2025,British Pound,0.009194,108.76567
06-02-2025,Australian Dollar,0.018177,55.015478
06-02-2025,Canadian Dollar,0.016348,61.170093
06-02-2025,Singapore Dollar,0.015427,64.821495
06-02-2025,Swiss Franc,0.010333,96.779089
06-02-2025,Malaysian Ringgit,0.050635,19.749192
06-02-2025,Japanese Yen,1.731561,0.577514
06-02-2025,Chinese Yuan Renminbi,0.08319,12.020652
07-02-2025,US Dollar,0.011402,87.700587
07-02-2025,Euro,0.011014,90.790925
07-02-2025,British Pound,0.009179,108.946025
07-02-2025,Australian Dollar,0.018174,55.023642
07-02-2025,Canadian Dollar,0.016316,61.288663
07-02-2025,Singapore Dollar,0.015431,64.804837
07-02-2025,Swiss Franc,0.010368,96.451283
07-02-2025,Malaysian Ringgit,0.05055,19.782413
07-02-2025,Japanese Yen,1.726217,0.579302
07-02-2025,Chinese Yuan Renminbi,0.083099,12.033838
08-02-2025,US Dollar,0.011412,87.624897
08-02-2025,Euro,0.01105,90.499639
08-02-2025,British Pound,0.009201,108.678264
08-02-2025,Australian Dollar,0.018198,54.951853
08-02-2025,Canadian Dollar,0.016313,61.299819
08-02-2025,Singapore Dollar,0.015458,64.692311
08-02-2025,Swiss Franc,0.010382,96.32036
08-02-2025,Malaysian Ringgit,0.050676,19.733214
08-02-2025,Japanese Yen,1.728064,0.578682
08-02-2025,Chinese Yuan Renminbi,0.083174,12.022926
09-02-2025,US Dollar,0.011397,87.746215
09-02-2025,Euro,0.011035,90.617947
09-02-2025,British Pound,0.009187,108.84899
09-02-2025,Australian Dollar,0.018177,55.013276
09-02-2025,Canadian Dollar,0.016289,61.389371
09-02-2025,Singapore Dollar,0.015441,64.763811
09-02-2025,Swiss Franc,0.010368,96.450958
09-02-2025,Malaysian Ringgit,0.050606,19.760448
09-02-2025,Japanese Yen,1.725395,0.579578
09-02-2025,Chinese Yuan Renminbi,0.083059,12.039565
10-02-2025,US Dollar,0.011436,87.442235
10-02-2025,Euro,0.011086,90.201984
10-02-2025,British Pound,0.00923,108.337854
10-02-2025,Australian Dollar,0.018198,54.951685
10-02-2025,Canadian Dollar,0.016378,61.057102
10-02-2025,Singapore Dollar,0.01549,64.556744
10-02-2025,Swiss Franc,0.010411,96.049906
10-02-2025,Malaysian Ringgit,0.051123,19.560807
10-02-2025,Japanese Yen,1.734024,0.576693
10-02-2025,Chinese Yuan Renminbi,0.083535,11.971053
11-02-2025,US Dollar,0.011525,86.770706
11-02-2025,Euro,0.011145,89.729409
11-02-2025,British Pound,0.00929,107.645818
11-02-2025,Australian Dollar,0.018326,54.567032
11-02-2025,Canadian Dollar,0.016496,60.620031
11-02-2025,Singapore Dollar,0.015611,64.057901
11-02-2025,Swiss Franc,0.010525,95.008163
11-02-2025,Malaysian Ringgit,0.051514,19.412311
11-02-2025,Japanese Yen,1.75772,0.568919
11-02-2025,Chinese Yuan Renminbi,0.084216,11.874296
12-02-2025,US Dollar,0.011504,86.929595
12-02-2025,Euro,0.011089,90.183179
12-02-2025,British Pound,0.009252,108.080726
12-02-2025,Australian Dollar,0.018334,54.542767
12-02-2025,Canadian Dollar,0.016445,60.809568
12-02-2025,Singapore Dollar,0.015582,64.175044
12-02-2025,Swiss Franc,0.010507,95.170697
12-02-2025,Malaysian Ringgit,0.051402,19.454599
12-02-2025,Japanese Yen,1.776525,0.562897
12-02-2025,Chinese Yuan Renminbi,0.084077,11.893871
13-02-2025,US Dollar,0.011529,86.739938
13-02-2025,Euro,0.011049,90.504988
13-02-2025,British Pound,0.009206,108.626491
13-02-2025,Australian Dollar,0.018306,54.627277
13-02-2025,Canadian Dollar,0.016396,60.989222
13-02-2025,Singapore Dollar,0.015527,64.404498
13-02-2025,Swiss Franc,0.010434,95.840139
13-02-2025,Malaysian Ringgit,0.051359,19.470703
13-02-2025,Japanese Yen,1.765411,0.56644
13-02-2025,Chinese Yuan Renminbi,0.08403,11.90055
14-02-2025,US Dollar,0.011544,86.626179
14-02-2025,Euro,0.010984,91.040105
14-02-2025,British Pound,0.009148,109.308922
14-02-2025,Australian Dollar,0.018142,55.120171
14-02-2025,Canadian Dollar,0.016354,61.147142
14-02-2025,Singapore Dollar,0.01545,64.726119
14-02-2025,Swiss Franc,0.010364,96.49235
14-02-2025,Malaysian Ringgit,0.051198,19.531933
14-02-2025,Japanese Yen,1.756302,0.569378
14-02-2025,Chinese Yuan Renminbi,0.083729,11.943293
15-02-2025,US Dollar,0.011546,86.611549
15-02-2025,Euro,0.011002,90.890832
15-02-2025,British Pound,0.009172,109.032461
15-02-2025,Australian Dollar,0.018179,55.008084
15-02-2025,Canadian Dollar,0.016379,61.053606
15-02-2025,Singapore Dollar,0.015463,64.669619
15-02-2025,Swiss Franc,0.010387,96.269959
15-02-2025,Malaysian Ringgit,0.051223,19.522403
15-02-2025,Japanese Yen,1.758497,0.568667
15-02-2025,Chinese Yuan Renminbi,0.083859,11.924741
16-02-2025,US Dollar,0.011545,86.620027
16-02-2025,Euro,0.010997,90.931876
16-02-2025,British Pound,0.009174,109.005741
16-02-2025,Australian Dollar,0.018175,55.019227
16-02-2025,Canadian Dollar,0.016375,61.070046
16-02-2025,Singapore Dollar,0.015463,64.670643
16-02-2025,Swiss Franc,0.010385,96.289062
16-02-2025,Malaysian Ringgit,0.051211,19.527011
16-02-2025,Japanese Yen,1.758827,0.568561
16-02-2025,Chinese Yuan Renminbi,0.083809,11.931866
17-02-2025,US Dollar,0.011515,86.842299
17-02-2025,Euro,0.010987,91.014721
17-02-2025,British Pound,0.009134,109.484347
17-02-2025,Australian Dollar,0.01809,55.279121
17-02-2025,Canadian Dollar,0.016336,61.214495
17-02-2025,Singapore Dollar,0.015442,64.757947
17-02-2025,Swiss Franc,0.010376,96.375127
17-02-2025,Malaysian Ringgit,0.051045,19.59056
17-02-2025,Japanese Yen,1.743002,0.573723
17-02-2025,Chinese Yuan Renminbi,0.083634,11.956916
18-02-2025,US Dollar,0.011508,86.897713
18-02-2025,Euro,0.010995,90.947838
18-02-2025,British Pound,0.009122,109.627803
18-02-2025,Australian Dollar,0.018114,55.205605
18-02-2025,Canadian Dollar,0.016328,61.244252
18-02-2025,Singapore Dollar,0.015442,64.758573
18-02-2025,Swiss Franc,0.010376,96.373756
18-02-2025,Malaysian Ringgit,0.051161,19.546091
18-02-2025,Japanese Yen,1.745332,0.572957
18-02-2025,Chinese Yuan Renminbi,0.083759,11.938956
19-02-2025,US Dollar,0.011509,86.887066
19-02-2025,Euro,0.01104,90.577233
19-02-2025,British Pound,0.009141,109.39439
19-02-2025,Australian Dollar,0.018126,55.17034
19-02-2025,Canadian Dollar,0.016367,61.097207
19-02-2025,Singapore Dollar,0.015452,64.716577
19-02-2025,Swiss Franc,0.010401,96.143318
19-02-2025,Malaysian Ringgit,0.051123,19.560508
19-02-2025,Japanese Yen,1.742451,0.573904
19-02-2025,Chinese Yuan Renminbi,0.083822,11.930075
20-02-2025,US Dollar,0.011553,86.554247
20-02-2025,Euro,0.01103,90.662977
20-02-2025,British Pound,0.00914,109.412973
20-02-2025,Australian Dollar,0.018066,55.352062
20-02-2025,Canadian Dollar,0.016393,61.000333
20-02-2025,Singapore Dollar,0.015421,64.845352
20-02-2025,Swiss Franc,0.010395,96.2008
20-02-2025,Malaysian Ringgit,0.051181,19.538687
20-02-2025,Japanese Yen,1.727128,0.578996
20-02-2025,Chinese Yuan Renminbi,0.083826,11.929499
21-02-2025,US Dollar,0.011547,86.605569
21-02-2025,Euro,0.011045,90.542415
21-02-2025,British Pound,0.009136,109.45615
21-02-2025,Australian Dollar,0.018113,55.208188
21-02-2025,Canadian Dollar,0.016402,60.96879
21-02-2025,Singapore Dollar,0.015432,64.799546
21-02-2025,Swiss Franc,0.010388,96.266365
21-02-2025,Malaysian Ringgit,0.051074,19.579311
21-02-2025,Japanese Yen,1.726862,0.579085
21-02-2025,Chinese Yuan Renminbi,0.083719,11.944652
22-02-2025,US Dollar,0.01155,86.582568
22-02-2025,Euro,0.011042,90.566995
22-02-2025,British Pound,0.009142,109.389764
22-02-2025,Australian Dollar,0.018172,55.030779
22-02-2025,Canadian Dollar,0.016432,60.856527
22-02-2025,Singapore Dollar,0.015432,64.802483
22-02-2025,Swiss Franc,0.01037,96.435647
22-02-2025,Malaysian Ringgit,0.051035,19.594546
22-02-2025,Japanese Yen,1.724245,0.579964
22-02-2025,Chinese Yuan Renminbi,0.083736,11.942296
23-02-2025,US Dollar,0.011546,86.608991
23-02-2025,Euro,0.011041,90.575125
23-02-2025,British Pound,0.009137,109.439307
23-02-2025,Australian Dollar,0.01812,55.187518
23-02-2025,Canadian Dollar,0.016434,60.849125
23-02-2025,Singapore Dollar,0.01543,64.808596
23-02-2025,Swiss Franc,0.010366,96.468486
23-02-2025,Malaysian Ringgit,0.05102,19.600347
23-02-2025,Japanese Yen,1.723688,0.580151
23-02-2025,Chinese Yuan Renminbi,0.08371,11.945948
24-02-2025,US Dollar,0.011538,86.669195
24-02-2025,Euro,0.011021,90.733897
24-02-2025,British Pound,0.009142,109.379753
24-02-2025,Australian Dollar,0.018159,55.069003
24-02-2025,Canadian Dollar,0.016428,60.873224
24-02-2025,Singapore Dollar,0.01544,64.766575
24-02-2025,Swiss Franc,0.010348,96.633258
24-02-2025,Malaysian Ringgit,0.050855,19.663734
24-02-2025,Japanese Yen,1.722456,0.580566
24-02-2025,Chinese Yuan Renminbi,0.083625,11.958206
25-02-2025,US Dollar,0.011475,87.14521
25-02-2025,Euro,0.01093,91.488094
25-02-2025,British Pound,0.009068,110.273773
25-02-2025,Australian Dollar,0.018118,55.195095
25-02-2025,Canadian Dollar,0.016402,60.967294
25-02-2025,Singapore Dollar,0.015349,65.151225
25-02-2025,Swiss Franc,0.010254,97.527545
25-02-2025,Malaysian Ringgit,0.050745,19.706335
25-02-2025,Japanese Yen,1.710673,0.584565
25-02-2025,Chinese Yuan Renminbi,0.083209,12.017996
26-02-2025,US Dollar,0.011471,87.173583
26-02-2025,Euro,0.010919,91.58306
26-02-2025,British Pound,0.009036,110.665563
26-02-2025,Australian Dollar,0.018162,55.06124
26-02-2025,Canadian Dollar,0.016459,60.758688
26-02-2025,Singapore Dollar,0.015338,65.198811
26-02-2025,Swiss Franc,0.010252,97.544164
26-02-2025,Malaysian Ringgit,0.050793,19.687568
26-02-2025,Japanese Yen,1.714865,0.583136
26-02-2025,Chinese Yuan Renminbi,0.083279,12.007878
27-02-2025,US Dollar,0.01145,87.33667
27-02-2025,Euro,0.010995,90.951086
27-02-2025,British Pound,0.009067,110.285854
27-02-2025,Australian Dollar,0.018303,54.634612
27-02-2025,Canadian Dollar,0.01652,60.53324
27-02-2025,Singapore Dollar,0.015428,64.818732
27-02-2025,Swiss Franc,0.010297,97.114897
27-02-2025,Malaysian Ringgit,0.050883,19.652976
27-02-2025,Japanese Yen,1.717021,0.582404
27-02-2025,Chinese Yuan Renminbi,0.083417,11.987915
28-02-2025,US Dollar,0.011439,87.416696
28-02-2025,Euro,0.010998,90.92833
28-02-2025,British Pound,0.009084,110.087246
28-02-2025,Australian Dollar,0.018396,54.360545
28-02-2025,Canadian Dollar,0.01648,60.680623
28-02-2025,Singapore Dollar,0.015431,64.806258
28-02-2025,Swiss Franc,0.01032,96.895695
28-02-2025,Malaysian Ringgit,0.051038,19.593396
28-02-2025,Japanese Yen,1.72346,0.580228
28-02-2025,Chinese Yuan Renminbi,0.083313,12.002978
01-03-2025,US Dollar,0.011432,87.474204
01-03-2025,Euro,0.011016,90.777177
01-03-2025,British Pound,0.00909,110.006879
01-03-2025,Australian Dollar,0.018413,54.308618
01-03-2025,Canadian Dollar,0.016536,60.473865
01-03-2025,Singapore Dollar,0.015447,64.738373
01-03-2025,Swiss Franc,0.010324,96.857812
01-03-2025,Malaysian Ringgit,0.051014,19.602463
01-03-2025,Japanese Yen,1.721736,0.580809
01-03-2025,Chinese Yuan Renminbi,0.083256,12.011075
02-03-2025,US Dollar,0.011432,87.476587
02-03-2025,Euro,0.011019,90.755822
02-03-2025,British Pound,0.009085,110.067992
02-03-2025,Australian Dollar,0.018413,54.308988
02-03-2025,Canadian Dollar,0.016536,60.472436
02-03-2025,Singapore Dollar,0.015447,64.739456
02-03-2025,Swiss Franc,0.010327,96.834373
02-03-2025,Malaysian Ringgit,0.051012,19.60319
02-03-2025,Japanese Yen,1.721837,0.580775
02-03-2025,Chinese Yuan Renminbi,0.083254,12.011404
03-03-2025,US Dollar,0.01146,87.259279
03-03-2025,Euro,0.01093,91.493928
03-03-2025,British Pound,0.009024,110.813777
03-03-2025,Australian Dollar,0.018359,54.46803
03-03-2025,Canadian Dollar,0.016504,60.591609
03-03-2025,Singapore Dollar,0.015412,64.88616
03-03-2025,Swiss Franc,0.010295,97.13446
03-03-2025,Malaysian Ringgit,0.051178,19.53948
03-03-2025,Japanese Yen,1.721851,0.58077
03-03-2025,Chinese Yuan Renminbi,0.083533,11.971328
04-03-2025,US Dollar,0.011457,87.279179
04-03-2025,Euro,0.010885,91.871708
04-03-2025,British Pound,0.009009,110.994173
04-03-2025,Australian Dollar,0.018459,54.173864
04-03-2025,Canadian Dollar,0.016611,60.200844
04-03-2025,Singapore Dollar,0.015389,64.982217
04-03-2025,Swiss Franc,0.010203,98.008236
04-03-2025,Malaysian Ringgit,0.051172,19.54197
04-03-2025,Japanese Yen,1.699954,0.588251
04-03-2025,Chinese Yuan Renminbi,0.083337,11.999541
05-03-2025,US Dollar,0.011509,86.891694
05-03-2025,Euro,0.010691,93.535104
05-03-2025,British Pound,0.008945,111.79386
05-03-2025,Australian Dollar,0.018247,54.802536
05-03-2025,Canadian Dollar,0.016567,60.360484
05-03-2025,Singapore Dollar,0.01533,65.231323
05-03-2025,Swiss Franc,0.010226,97.790094
05-03-2025,Malaysian Ringgit,0.050975,19.617287
05-03-2025,Japanese Yen,1.714142,0.583382
05-03-2025,Chinese Yuan Renminbi,0.083443,11.984186
06-03-2025,US Dollar,0.011489,87.039977
06-03-2025,Euro,0.01062,94.159356
06-03-2025,British Pound,0.008912,112.206683
06-03-2025,Australian Dollar,0.018091,55.274749
06-03-2025,Canadian Dollar,0.016396,60.99141
06-03-2025,Singapore Dollar,0.015299,65.361655
06-03-2025,Swiss Franc,0.010178,98.247558
06-03-2025,Malaysian Ringgit,0.050858,19.662466
06-03-2025,Japanese Yen,1.703013,0.587194
06-03-2025,Chinese Yuan Renminbi,0.083256,12.011135
07-03-2025,US Dollar,0.011483,87.087403
07-03-2025,Euro,0.010565,94.655615
07-03-2025,British Pound,0.008886,112.535385
07-03-2025,Australian Dollar,0.018191,54.972216
07-03-2025,Canadian Dollar,0.01649,60.641519
07-03-2025,Singapore Dollar,0.015272,65.480229
07-03-2025,Swiss Franc,0.010091,99.098481
07-03-2025,Malaysian Ringgit,0.050693,19.726541
07-03-2025,Japanese Yen,1.693861,0.590367
07-03-2025,Chinese Yuan Renminbi,0.083051,12.040838
08-03-2025,US Dollar,0.011481,87.099796
08-03-2025,Euro,0.010598,94.358157
08-03-2025,British Pound,0.008887,112.521359
08-03-2025,Australian Dollar,0.018213,54.906201
08-03-2025,Canadian Dollar,0.016507,60.580073
08-03-2025,Singapore Dollar,0.015282,65.437117
08-03-2025,Swiss Franc,0.010104,98.972994
08-03-2025,Malaysian Ringgit,0.050662,19.738619
08-03-2025,Japanese Yen,1.699801,0.588304
08-03-2025,Chinese Yuan Renminbi,0.083009,12.046844
09-03-2025,US Dollar,0.011481,87.099066
09-03-2025,Euro,0.010599,94.349509
09-03-2025,British Pound,0.00889,112.489105
09-03-2025,Australian Dollar,0.018215,54.899962
09-03-2025,Canadian Dollar,0.016499,60.611233
09-03-2025,Singapore Dollar,0.015282,65.435714
09-03-2025,Swiss Franc,0.010113,98.884302
09-03-2025,Malaysian Ringgit,0.050689,19.727959
09-03-2025,Japanese Yen,1.699746,0.588323
09-03-2025,Chinese Yuan Renminbi,0.083054,12.040423
10-03-2025,US Dollar,0.011456,87.291384
10-03-2025,Euro,0.010571,94.596235
10-03-2025,British Pound,0.008878,112.639807
10-03-2025,Australian Dollar,0.018164,55.053176
10-03-2025,Canadian Dollar,0.016533,60.486403
10-03-2025,Singapore Dollar,0.015263,65.519658
10-03-2025,Swiss Franc,0.010096,99.048102
10-03-2025,Malaysian Ringgit,0.050647,19.74456
10-03-2025,Japanese Yen,1.685758,0.593205
10-03-2025,Chinese Yuan Renminbi,0.083126,12.02988
11-03-2025,US Dollar,0.01147,87.18049
11-03-2025,Euro,0.010499,95.250343
11-03-2025,British Pound,0.00886,112.861323
11-03-2025,Australian Dollar,0.018252,54.788352
11-03-2025,Canadian Dollar,0.016593,60.265112
11-03-2025,Singapore Dollar,0.015261,65.52594
11-03-2025,Swiss Franc,0.010096,99.048445
11-03-2025,Malaysian Ringgit,0.050632,19.750435
11-03-2025,Japanese Yen,1.692265,0.590924
11-03-2025,Chinese Yuan Renminbi,0.082912,12.060918
12-03-2025,US Dollar,0.01147,87.186713
12-03-2025,Euro,0.010502,95.221392
12-03-2025,British Pound,0.008846,113.050156
12-03-2025,Australian Dollar,0.018194,54.963658
12-03-2025,Canadian Dollar,0.016516,60.546577
12-03-2025,Singapore Dollar,0.015275,65.46844
12-03-2025,Swiss Franc,0.010126,98.755032
12-03-2025,Malaysian Ringgit,0.0508,19.684885
12-03-2025,Japanese Yen,1.701264,0.587798
12-03-2025,Chinese Yuan Renminbi,0.083009,12.046905
13-03-2025,US Dollar,0.011502,86.944753
13-03-2025,Euro,0.010591,94.415704
13-03-2025,British Pound,0.008885,112.545643
13-03-2025,Australian Dollar,0.018291,54.672226
13-03-2025,Canadian Dollar,0.01656,60.385144
13-03-2025,Singapore Dollar,0.015365,65.083833
13-03-2025,Swiss Franc,0.010178,98.248702
13-03-2025,Malaysian Ringgit,0.051006,19.605533
13-03-2025,Japanese Yen,1.698985,0.588587
13-03-2025,Chinese Yuan Renminbi,0.083325,12.00125
14-03-2025,US Dollar,0.011504,86.925674
14-03-2025,Euro,0.01058,94.513906
14-03-2025,British Pound,0.008907,112.275139
14-03-2025,Australian Dollar,0.018208,54.920574
14-03-2025,Canadian Dollar,0.016544,60.445524
14-03-2025,Singapore Dollar,0.015352,65.137103
14-03-2025,Swiss Franc,0.010186,98.17392
14-03-2025,Malaysian Ringgit,0.051137,19.555163
14-03-2025,Japanese Yen,1.708409,0.58534
14-03-2025,Chinese Yuan Renminbi,0.083265,12.009827
15-03-2025,US Dollar,0.011501,86.948679
15-03-2025,Euro,0.010561,94.685785
15-03-2025,British Pound,0.008891,112.468911
15-03-2025,Australian Dollar,0.018187,54.983337
15-03-2025,Canadian Dollar,0.016529,60.500141
15-03-2025,Singapore Dollar,0.015348,65.156354
15-03-2025,Swiss Franc,0.010175,98.284301
15-03-2025,Malaysian Ringgit,0.051139,19.55459
15-03-2025,Japanese Yen,1.709435,0.584989
15-03-2025,Chinese Yuan Renminbi,0.08324,12.013501
16-03-2025,US Dollar,0.011501,86.949253
16-03-2025,Euro,0.010571,94.602743
16-03-2025,British Pound,0.008888,112.510924
16-03-2025,Australian Dollar,0.018191,54.971553
16-03-2025,Canadian Dollar,0.01652,60.534203
16-03-2025,Singapore Dollar,0.015339,65.194217
16-03-2025,Swiss Franc,0.010153,98.497054
16-03-2025,Malaysian Ringgit,0.051134,19.556288
16-03-2025,Japanese Yen,1.70978,0.584871
16-03-2025,Chinese Yuan Renminbi,0.083243,12.012966
17-03-2025,US Dollar,0.011533,86.704682
17-03-2025,Euro,0.010559,94.702137
17-03-2025,British Pound,0.008883,112.575986
17-03-2025,Australian Dollar,0.018095,55.264324
17-03-2025,Canadian Dollar,0.016491,60.639802
17-03-2025,Singapore Dollar,0.01534,65.187616
17-03-2025,Swiss Franc,0.010163,98.395871
17-03-2025,Malaysian Ringgit,0.051286,19.498664
17-03-2025,Japanese Yen,1.713437,0.583622
17-03-2025,Chinese Yuan Renminbi,0.083418,11.987774
18-03-2025,US Dollar,0.011557,86.529317
18-03-2025,Euro,0.010575,94.558253
18-03-2025,British Pound,0.008899,112.367414
18-03-2025,Australian Dollar,0.018187,54.985724
18-03-2025,Canadian Dollar,0.01654,60.460441
18-03-2025,Singapore Dollar,0.015394,64.958924
18-03-2025,Swiss Franc,0.010139,98.627226
18-03-2025,Malaysian Ringgit,0.05136,19.47034
18-03-2025,Japanese Yen,1.727572,0.578847
18-03-2025,Chinese Yuan Renminbi,0.083532,11.971394
19-03-2025,US Dollar,0.011582,86.339026
19-03-2025,Euro,0.010648,93.911268
19-03-2025,British Pound,0.008933,111.944316
19-03-2025,Australian Dollar,0.018296,54.655312
19-03-2025,Canadian Dollar,0.016599,60.245615
19-03-2025,Singapore Dollar,0.015452,64.716246
19-03-2025,Swiss Franc,0.010193,98.108939
19-03-2025,Malaysian Ringgit,0.051383,19.461688
19-03-2025,Japanese Yen,1.737868,0.575418
19-03-2025,Chinese Yuan Renminbi,0.083738,11.942004
20-03-2025,US Dollar,0.011584,86.329193
20-03-2025,Euro,0.010679,93.64261
20-03-2025,British Pound,0.00893,111.988204
20-03-2025,Australian Dollar,0.018388,54.383742
20-03-2025,Canadian Dollar,0.016597,60.250246
20-03-2025,Singapore Dollar,0.015474,64.625597
20-03-2025,Swiss Franc,0.010224,97.804565
20-03-2025,Malaysian Ringgit,0.051265,19.506658
20-03-2025,Japanese Yen,1.724374,0.579921
20-03-2025,Chinese Yuan Renminbi,0.083952,11.911578
21-03-2025,US Dollar,0.011625,86.018863
21-03-2025,Euro,0.010755,92.980535
21-03-2025,British Pound,0.009014,110.940228
21-03-2025,Australian Dollar,0.018556,53.891105
21-03-2025,Canadian Dollar,0.01669,59.917361
21-03-2025,Singapore Dollar,0.015535,64.369448
21-03-2025,Swiss Franc,0.010269,97.381572
21-03-2025,Malaysian Ringgit,0.051391,19.458482
21-03-2025,Japanese Yen,1.731924,0.577393
21-03-2025,Chinese Yuan Renminbi,0.084269,11.866697
22-03-2025,US Dollar,0.011628,85.996293
22-03-2025,Euro,0.010729,93.205711
22-03-2025,British Pound,0.009002,111.087191
22-03-2025,Australian Dollar,0.01854,53.937666
22-03-2025,Canadian Dollar,0.016706,59.860287
22-03-2025,Singapore Dollar,0.015528,64.401307
22-03-2025,Swiss Franc,0.010271,97.359754
22-03-2025,Malaysian Ringgit,0.051409,19.452013
22-03-2025,Japanese Yen,1.736356,0.575919
22-03-2025,Chinese Yuan Renminbi,0.084289,11.863949
23-03-2025,US Dollar,0.011628,85.996047
23-03-2025,Euro,0.010751,93.015755
23-03-2025,British Pound,0.008992,111.210088
23-03-2025,Australian Dollar,0.018556,53.890684
23-03-2025,Canadian Dollar,0.016685,59.934381
23-03-2025,Singapore Dollar,0.015537,64.361442
23-03-2025,Swiss Franc,0.010279,97.282595
23-03-2025,Malaysian Ringgit,0.051409,19.452008
23-03-2025,Japanese Yen,1.736343,0.575923
23-03-2025,Chinese Yuan Renminbi,0.084289,11.863879
24-03-2025,US Dollar,0.011682,85.598807
24-03-2025,Euro,0.010822,92.405398
24-03-2025,British Pound,0.009048,110.521804
24-03-2025,Australian Dollar,0.018605,53.747961
24-03-2025,Canadian Dollar,0.016699,59.88449
24-03-2025,Singapore Dollar,0.015653,63.886375
24-03-2025,Swiss Franc,0.010331,96.799298
24-03-2025,Malaysian Ringgit,0.051802,19.304131
24-03-2025,Japanese Yen,1.761038,0.567847
24-03-2025,Chinese Yuan Renminbi,0.084735,11.801523
25-03-2025,US Dollar,0.011679,85.621274
25-03-2025,Euro,0.010813,92.484905
25-03-2025,British Pound,0.009021,110.852202
25-03-2025,Australian Dollar,0.018517,54.004749
25-03-2025,Canadian Dollar,0.016712,59.836486
25-03-2025,Singapore Dollar,0.015609,64.064578
25-03-2025,Swiss Franc,0.010301,97.073346
25-03-2025,Malaysian Ringgit,0.051807,19.30251
25-03-2025,Japanese Yen,1.749186,0.571694
25-03-2025,Chinese Yuan Renminbi,0.08476,11.798075
26-03-2025,US Dollar,0.011675,85.649562
26-03-2025,Euro,0.010829,92.341384
26-03-2025,British Pound,0.00906,110.374619
26-03-2025,Australian Dollar,0.018518,54.00105
26-03-2025,Canadian Dollar,0.016645,60.077052
26-03-2025,Singapore Dollar,0.01564,63.939166
26-03-2025,Swiss Franc,0.01032,96.899828
26-03-2025,Malaysian Ringgit,0.051749,19.324103
26-03-2025,Japanese Yen,1.759412,0.568372
26-03-2025,Chinese Yuan Renminbi,0.084845,11.786247
27-03-2025,US Dollar,0.011676,85.647379
27-03-2025,Euro,0.010812,92.491171
27-03-2025,British Pound,0.009007,111.022368
27-03-2025,Australian Dollar,0.018511,54.020843
27-03-2025,Canadian Dollar,0.016717,59.818807
27-03-2025,Singapore Dollar,0.015629,63.983096
27-03-2025,Swiss Franc,0.010296,97.129491
27-03-2025,Malaysian Ringgit,0.051744,19.325761
27-03-2025,Japanese Yen,1.762888,0.567251
27-03-2025,Chinese Yuan Renminbi,0.084823,11.789252
28-03-2025,US Dollar,0.011691,85.533114
28-03-2025,Euro,0.010802,92.579487
28-03-2025,British Pound,0.009034,110.689181
28-03-2025,Australian Dollar,0.018563,53.871814
28-03-2025,Canadian Dollar,0.0167,59.880091
28-03-2025,Singapore Dollar,0.015677,63.786151
28-03-2025,Swiss Franc,0.010299,97.094014
28-03-2025,Malaysian Ringgit,0.051864,19.281297
28-03-2025,Japanese Yen,1.757017,0.569146
28-03-2025,Chinese Yuan Renminbi,0.08491,11.777136
29-03-2025,US Dollar,0.011691,85.536426
29-03-2025,Euro,0.010777,92.790124
29-03-2025,British Pound,0.009033,110.710006
29-03-2025,Australian Dollar,0.018588,53.799551
29-03-2025,Canadian Dollar,0.016758,59.674342
29-03-2025,Singapore Dollar,0.015686,63.751549
29-03-2025,Swiss Franc,0.010297,97.117133
29-03-2025,Malaysian Ringgit,0.051873,19.27791
29-03-2025,Japanese Yen,1.751941,0.570796
29-03-2025,Chinese Yuan Renminbi,0.084908,11.777423
30-03-2025,US Dollar,0.011691,85.537149
30-03-2025,Euro,0.010797,92.621806
30-03-2025,British Pound,0.009031,110.724441
30-03-2025,Australian Dollar,0.018592,53.787951
30-03-2025,Canadian Dollar,0.016742,59.729133
30-03-2025,Singapore Dollar,0.015695,63.715722
30-03-2025,Swiss Franc,0.010297,97.116191
30-03-2025,Malaysian Ringgit,0.051872,19.27828
30-03-2025,Japanese Yen,1.754259,0.570041
30-03-2025,Chinese Yuan Renminbi,0.084907,11.777533
31-03-2025,US Dollar,0.011702,85.458461
31-03-2025,Euro,0.01084,92.251082
31-03-2025,British Pound,0.009076,110.179578
31-03-2025,Australian Dollar,0.018767,53.283983
31-03-2025,Canadian Dollar,0.016825,59.433601
31-03-2025,Singapore Dollar,0.015736,63.548977
31-03-2025,Swiss Franc,0.01035,96.616792
31-03-2025,Malaysian Ringgit,0.05189,19.271515
31-03-2025,Japanese Yen,1.754178,0.570068
31-03-2025,Chinese Yuan Renminbi,0.084961,11.770107
01-04-2025,US Dollar,0.011688,85.554357
01-04-2025,Euro,0.010822,92.405397
01-04-2025,British Pound,0.009045,110.558919
01-04-2025,Australian Dollar,0.018615,53.719136
01-04-2025,Canadian Dollar,0.016736,59.753141
01-04-2025,Singapore Dollar,0.015703,63.683188
01-04-2025,Swiss Franc,0.010317,96.928952
01-04-2025,Malaysian Ringgit,0.051856,19.284347
01-04-2025,Japanese Yen,1.74626,0.572652
01-04-2025,Chinese Yuan Renminbi,0.084979,11.767667
02-04-2025,US Dollar,0.011702,85.453002
02-04-2025,Euro,0.010767,92.875117
02-04-2025,British Pound,0.009019,110.874603
02-04-2025,Australian Dollar,0.018573,53.842218
02-04-2025,Canadian Dollar,0.016746,59.714428
02-04-2025,Singapore Dollar,0.015705,63.675007
02-04-2025,Swiss Franc,0.010319,96.90675
02-04-2025,Malaysian Ringgit,0.052119,19.186744
02-04-2025,Japanese Yen,1.755189,0.569739
02-04-2025,Chinese Yuan Renminbi,0.085036,11.759669
03-04-2025,US Dollar,0.011718,85.338154
03-04-2025,Euro,0.010603,94.313934
03-04-2025,British Pound,0.008937,111.892137
03-04-2025,Australian Dollar,0.018448,54.207338
03-04-2025,Canadian Dollar,0.016478,60.687713
03-04-2025,Singapore Dollar,0.01564,63.937825
03-04-2025,Swiss Franc,0.010066,99.344094
03-04-2025,Malaysian Ringgit,0.052059,19.208964
03-04-2025,Japanese Yen,1.711433,0.584306
03-04-2025,Chinese Yuan Renminbi,0.085281,11.725958
04-04-2025,US Dollar,0.011703,85.451102
04-04-2025,Euro,0.010625,94.116641
04-04-2025,British Pound,0.009053,110.463173
04-04-2025,Australian Dollar,0.019355,51.666165
04-04-2025,Canadian Dollar,0.016611,60.200341
04-04-2025,Singapore Dollar,0.015706,63.670812
04-04-2025,Swiss Franc,0.010007,99.929837
04-04-2025,Malaysian Ringgit,0.051908,19.264759
04-04-2025,Japanese Yen,1.708075,0.585454
04-04-2025,Chinese Yuan Renminbi,0.08512,11.748127
05-04-2025,US Dollar,0.011694,85.511582
05-04-2025,Euro,0.010671,93.709406
05-04-2025,British Pound,0.009058,110.404382
05-04-2025,Australian Dollar,0.019356,51.662696
05-04-2025,Canadian Dollar,0.016634,60.117734
05-04-2025,Singapore Dollar,0.01574,63.531304
05-04-2025,Swiss Franc,0.01007,99.305274
05-04-2025,Malaysian Ringgit,0.051885,19.273404
05-04-2025,Japanese Yen,1.718485,0.581908
05-04-2025,Chinese Yuan Renminbi,0.085152,11.743742
06-04-2025,US Dollar,0.011695,85.509498
06-04-2025,Euro,0.010674,93.688679
06-04-2025,British Pound,0.009057,110.412121
06-04-2025,Australian Dollar,0.019316,51.771397
06-04-2025,Canadian Dollar,0.016631,60.130202
06-04-2025,Singapore Dollar,0.01574,63.532266
06-04-2025,Swiss Franc,0.010076,99.24483
06-04-2025,Malaysian Ringgit,0.051886,19.272935
06-04-2025,Japanese Yen,1.719936,0.581417
06-04-2025,Chinese Yuan Renminbi,0.085151,11.743779
07-04-2025,US Dollar,0.011637,85.932969
07-04-2025,Euro,0.010661,93.802932
07-04-2025,British Pound,0.009143,109.374269
07-04-2025,Australian Dollar,0.019449,51.416056
07-04-2025,Canadian Dollar,0.016554,60.408634
07-04-2025,Singapore Dollar,0.015734,63.556137
07-04-2025,Swiss Franc,0.010006,99.942673
07-04-2025,Malaysian Ringgit,0.05212,19.186624
07-04-2025,Japanese Yen,1.721402,0.580922
07-04-2025,Chinese Yuan Renminbi,0.085076,11.754216
08-04-2025,US Dollar,0.011592,86.266162
08-04-2025,Euro,0.010625,94.120431
08-04-2025,British Pound,0.009081,110.121771
08-04-2025,Australian Dollar,0.019277,51.874725
08-04-2025,Canadian Dollar,0.016463,60.741903
08-04-2025,Singapore Dollar,0.015683,63.762925
08-04-2025,Swiss Franc,0.009924,100.761074
08-04-2025,Malaysian Ringgit,0.052061,19.208144
08-04-2025,Japanese Yen,1.704192,0.586788
08-04-2025,Chinese Yuan Renminbi,0.084937,11.773487
09-04-2025,US Dollar,0.011535,86.695634
09-04-2025,Euro,0.010448,95.716229
09-04-2025,British Pound,0.009032,110.715516
09-04-2025,Australian Dollar,0.019216,52.040748
09-04-2025,Canadian Dollar,0.016368,61.094471
09-04-2025,Singapore Dollar,0.015548,64.317965
09-04-2025,Swiss Franc,0.009705,103.043138
09-04-2025,Malaysian Ringgit,0.051868,19.279765
09-04-2025,Japanese Yen,1.673432,0.597574
09-04-2025,Chinese Yuan Renminbi,0.084623,11.817173
10-04-2025,US Dollar,0.011587,86.303783
10-04-2025,Euro,0.010352,96.596136
10-04-2025,British Pound,0.008955,111.674971
10-04-2025,Australian Dollar,0.01871,53.44816
10-04-2025,Canadian Dollar,0.016234,61.599388
10-04-2025,Singapore Dollar,0.015423,64.838444
10-04-2025,Swiss Franc,0.009597,104.202097
10-04-2025,Malaysian Ringgit,0.051789,19.309258
10-04-2025,Japanese Yen,1.672296,0.59798
10-04-2025,Chinese Yuan Renminbi,0.08454,11.828702
11-04-2025,US Dollar,0.011607,86.15626
11-04-2025,Euro,0.010246,97.594347
11-04-2025,British Pound,0.008895,112.427869
11-04-2025,Australian Dollar,0.01859,53.792784
11-04-2025,Canadian Dollar,0.016132,61.989035
11-04-2025,Singapore Dollar,0.015318,65.282491
11-04-2025,Swiss Franc,0.00946,105.710294
11-04-2025,Malaysian Ringgit,0.051332,19.481208
11-04-2025,Japanese Yen,1.666233,0.600156
11-04-2025,Chinese Yuan Renminbi,0.084549,11.827515
12-04-2025,US Dollar,0.011623,86.039941
12-04-2025,Euro,0.010232,97.728596
12-04-2025,British Pound,0.008885,112.549968
12-04-2025,Australian Dollar,0.018491,54.079708
12-04-2025,Canadian Dollar,0.016121,62.031202
12-04-2025,Singapore Dollar,0.015335,65.212157
12-04-2025,Swiss Franc,0.00948,105.485885
12-04-2025,Malaysian Ringgit,0.051426,19.445292
12-04-2025,Japanese Yen,1.668036,0.599507
12-04-2025,Chinese Yuan Renminbi,0.084911,11.777085
13-04-2025,US Dollar,0.011612,86.117859
13-04-2025,Euro,0.010225,97.79662
13-04-2025,British Pound,0.008898,112.38882
13-04-2025,Australian Dollar,0.018469,54.145145
13-04-2025,Canadian Dollar,0.016098,62.118733
13-04-2025,Singapore Dollar,0.015317,65.285455
13-04-2025,Swiss Franc,0.009468,105.616505
13-04-2025,Malaysian Ringgit,0.051368,19.467353
13-04-2025,Japanese Yen,1.666002,0.60024
13-04-2025,Chinese Yuan Renminbi,0.084758,11.798244
14-04-2025,US Dollar,0.011622,86.040769
14-04-2025,Euro,0.010232,97.72995
14-04-2025,British Pound,0.008822,113.352701
14-04-2025,Australian Dollar,0.018413,54.308018
14-04-2025,Canadian Dollar,0.016148,61.927023
14-04-2025,Singapore Dollar,0.015299,65.365119
14-04-2025,Swiss Franc,0.009463,105.671284
14-04-2025,Malaysian Ringgit,0.051308,19.490218
14-04-2025,Japanese Yen,1.662134,0.601636
14-04-2025,Chinese Yuan Renminbi,0.084964,11.769741
15-04-2025,US Dollar,0.011661,85.759537
15-04-2025,Euro,0.010331,96.794931
15-04-2025,British Pound,0.00882,113.372907
15-04-2025,Australian Dollar,0.018345,54.511294
15-04-2025,Canadian Dollar,0.016263,61.490794
15-04-2025,Singapore Dollar,0.015376,65.035032
15-04-2025,Swiss Franc,0.009573,104.457426
15-04-2025,Malaysian Ringgit,0.051455,19.434611
15-04-2025,Japanese Yen,1.668879,0.599205
15-04-2025,Chinese Yuan Renminbi,0.085301,11.723234
16-04-2025,US Dollar,0.011681,85.611261
16-04-2025,Euro,0.010262,97.44678
16-04-2025,British Pound,0.008819,113.395141
16-04-2025,Australian Dollar,0.018286,54.686607
16-04-2025,Canadian Dollar,0.016219,61.657167
16-04-2025,Singapore Dollar,0.015314,65.300806
16-04-2025,Swiss Franc,0.009512,105.134318
16-04-2025,Malaysian Ringgit,0.051507,19.414732
16-04-2025,Japanese Yen,1.665364,0.600469
16-04-2025,Chinese Yuan Renminbi,0.085329,11.719285
17-04-2025,US Dollar,0.011709,85.407541
17-04-2025,Euro,0.010304,97.044996
17-04-2025,British Pound,0.008833,113.213147
17-04-2025,Australian Dollar,0.018351,54.493754
17-04-2025,Canadian Dollar,0.016225,61.631775
17-04-2025,Singapore Dollar,0.015355,65.125541
17-04-2025,Swiss Franc,0.009606,104.101377
17-04-2025,Malaysian Ringgit,0.051599,19.380222
17-04-2025,Japanese Yen,1.666402,0.600095
17-04-2025,Chinese Yuan Renminbi,0.085463,11.70102
18-04-2025,US Dollar,0.011706,85.428959
18-04-2025,Euro,0.010275,97.32427
18-04-2025,British Pound,0.008816,113.427544
18-04-2025,Australian Dollar,0.018364,54.455554
18-04-2025,Canadian Dollar,0.016212,61.683866
18-04-2025,Singapore Dollar,0.015348,65.155819
18-04-2025,Swiss Franc,0.00957,104.497005
18-04-2025,Malaysian Ringgit,0.051661,19.356985
18-04-2025,Japanese Yen,1.665143,0.600549
18-04-2025,Chinese Yuan Renminbi,0.085453,11.702289
19-04-2025,US Dollar,0.011705,85.432643
19-04-2025,Euro,0.010274,97.33072
19-04-2025,British Pound,0.00881,113.507738
19-04-2025,Australian Dollar,0.018357,54.473956
19-04-2025,Canadian Dollar,0.016211,61.686606
19-04-2025,Singapore Dollar,0.015347,65.159095
19-04-2025,Swiss Franc,0.009558,104.623608
19-04-2025,Malaysian Ringgit,0.051658,19.358211
19-04-2025,Japanese Yen,1.664355,0.600834
19-04-2025,Chinese Yuan Renminbi,0.085441,11.703971
20-04-2025,US Dollar,0.011705,85.433796
20-04-2025,Euro,0.010284,97.23954
20-04-2025,British Pound,0.008807,113.549036
20-04-2025,Australian Dollar,0.01835,54.496487
20-04-2025,Canadian Dollar,0.016209,61.694895
20-04-2025,Singapore Dollar,0.015347,65.159803
20-04-2025,Swiss Franc,0.00958,104.385575
20-04-2025,Malaysian Ringgit,0.051657,19.358307
20-04-2025,Japanese Yen,1.665131,0.600553
20-04-2025,Chinese Yuan Renminbi,0.085439,11.704203
21-04-2025,US Dollar,0.011758,85.05058
21-04-2025,Euro,0.010218,97.870915
21-04-2025,British Pound,0.008787,113.809906
21-04-2025,Australian Dollar,0.018341,54.521716
21-04-2025,Canadian Dollar,0.016246,61.555226
21-04-2025,Singapore Dollar,0.015336,65.20631
21-04-2025,Swiss Franc,0.009487,105.408616
21-04-2025,Malaysian Ringgit,0.051395,19.457203
21-04-2025,Japanese Yen,1.655694,0.603976
21-04-2025,Chinese Yuan Renminbi,0.08574,11.663196
22-04-2025,US Dollar,0.011743,85.157848
22-04-2025,Euro,0.010241,97.649286
22-04-2025,British Pound,0.008779,113.914043
22-04-2025,Australian Dollar,0.018382,54.402175
22-04-2025,Canadian Dollar,0.016213,61.67806
22-04-2025,Singapore Dollar,0.015368,65.069296
22-04-2025,Swiss Franc,0.009565,104.548529
22-04-2025,Malaysian Ringgit,0.051559,19.395288
22-04-2025,Japanese Yen,1.653856,0.604648
22-04-2025,Chinese Yuan Renminbi,0.085859,11.647059
23-04-2025,US Dollar,0.011708,85.411256
23-04-2025,Euro,0.010315,96.943424
23-04-2025,British Pound,0.008832,113.230831
23-04-2025,Australian Dollar,0.018366,54.448548
23-04-2025,Canadian Dollar,0.016267,61.475817
23-04-2025,Singapore Dollar,0.015389,64.980629
23-04-2025,Swiss Franc,0.009684,103.267144
23-04-2025,Malaysian Ringgit,0.05143,19.444001
23-04-2025,Japanese Yen,1.670143,0.598751
23-04-2025,Chinese Yuan Renminbi,0.085317,11.720968
24-04-2025,US Dollar,0.011725,85.288883
24-04-2025,Euro,0.010321,96.892749
24-04-2025,British Pound,0.008813,113.466509
24-04-2025,Australian Dollar,0.018338,54.531638
24-04-2025,Canadian Dollar,0.016287,61.398805
24-04-2025,Singapore Dollar,0.015389,64.980033
24-04-2025,Swiss Franc,0.0097,103.090783
24-04-2025,Malaysian Ringgit,0.051269,19.504982
24-04-2025,Japanese Yen,1.672833,0.597788
24-04-2025,Chinese Yuan Renminbi,0.085456,11.701954
25-04-2025,US Dollar,0.011715,85.36368
25-04-2025,Euro,0.010294,97.147905
25-04-2025,British Pound,0.008789,113.783489
25-04-2025,Australian Dollar,0.018317,54.59381
25-04-2025,Canadian Dollar,0.016234,61.598002
25-04-2025,Singapore Dollar,0.015397,64.94973
25-04-2025,Swiss Franc,0.009706,103.027203
25-04-2025,Malaysian Ringgit,0.051239,19.516502
25-04-2025,Japanese Yen,1.684018,0.593818
25-04-2025,Chinese Yuan Renminbi,0.085367,11.714126
26-04-2025,US Dollar,0.011712,85.383953
26-04-2025,Euro,0.010294,97.140168
26-04-2025,British Pound,0.008796,113.685914
26-04-2025,Australian Dollar,0.018297,54.652984
26-04-2025,Canadian Dollar,0.016238,61.583228
26-04-2025,Singapore Dollar,0.015403,64.923226
26-04-2025,Swiss Franc,0.009696,103.140339
26-04-2025,Malaysian Ringgit,0.05123,19.51988
26-04-2025,Japanese Yen,1.68262,0.594311
26-04-2025,Chinese Yuan Renminbi,0.085337,11.718183
27-04-2025,US Dollar,0.011712,85.384939
27-04-2025,Euro,0.0103,97.091809
27-04-2025,British Pound,0.008797,113.681512
27-04-2025,Australian Dollar,0.018295,54.65881
27-04-2025,Canadian Dollar,0.016238,61.583113
27-04-2025,Singapore Dollar,0.015402,64.924763
27-04-2025,Swiss Franc,0.009701,103.087341
27-04-2025,Malaysian Ringgit,0.051229,19.520301
27-04-2025,Japanese Yen,1.681616,0.594666
27-04-2025,Chinese Yuan Renminbi,0.085337,11.718315
28-04-2025,US Dollar,0.011747,85.127078
28-04-2025,Euro,0.010317,96.927002
28-04-2025,British Pound,0.008771,114.011089
28-04-2025,Australian Dollar,0.018322,54.580309
28-04-2025,Canadian Dollar,0.016281,61.420907
28-04-2025,Singapore Dollar,0.015411,64.888425
28-04-2025,Swiss Franc,0.009697,103.119981
28-04-2025,Malaysian Ringgit,0.051266,19.50616
28-04-2025,Japanese Yen,1.676435,0.596504
28-04-2025,Chinese Yuan Renminbi,0.08568,11.671389
29-04-2025,US Dollar,0.011743,85.158417
29-04-2025,Euro,0.010304,97.053928
29-04-2025,British Pound,0.008765,114.092143
29-04-2025,Australian Dollar,0.018392,54.372469
29-04-2025,Canadian Dollar,0.016268,61.470013
29-04-2025,Singapore Dollar,0.015358,65.112143
29-04-2025,Swiss Franc,0.009678,103.325563
29-04-2025,Malaysian Ringgit,0.050823,19.675947
29-04-2025,Japanese Yen,1.670955,0.59846
29-04-2025,Chinese Yuan Renminbi,0.085371,11.713576
30-04-2025,US Dollar,0.01182,84.605682
30-04-2025,Euro,0.010416,96.003691
30-04-2025,British Pound,0.008861,112.858288
30-04-2025,Australian Dollar,0.018474,54.129738
30-04-2025,Canadian Dollar,0.016321,61.269451
30-04-2025,Singapore Dollar,0.015433,64.795815
30-04-2025,Swiss Franc,0.009726,102.822155
30-04-2025,Malaysian Ringgit,0.051007,19.605218
30-04-2025,Japanese Yen,1.685941,0.593141
30-04-2025,Chinese Yuan Renminbi,0.085948,11.634916
01-05-2025,US Dollar,0.011813,84.651514
01-05-2025,Euro,0.010473,95.482069
01-05-2025,British Pound,0.0089,112.359955
01-05-2025,Australian Dollar,0.018539,53.939684
01-05-2025,Canadian Dollar,0.016359,61.126995
01-05-2025,Singapore Dollar,0.015503,64.505027
01-05-2025,Swiss Franc,0.009829,101.734633
01-05-2025,Malaysian Ringgit,0.050985,19.613573
01-05-2025,Japanese Yen,1.718611,0.581865
01-05-2025,Chinese Yuan Renminbi,0.085906,11.640681
02-05-2025,US Dollar,0.011826,84.557611
02-05-2025,Euro,0.010439,95.7945
02-05-2025,British Pound,0.008905,112.300998
02-05-2025,Australian Dollar,0.018349,54.497684
02-05-2025,Canadian Dollar,0.016311,61.306752
02-05-2025,Singapore Dollar,0.015356,65.120384
02-05-2025,Swiss Franc,0.009773,102.317739
02-05-2025,Malaysian Ringgit,0.050385,19.847033
02-05-2025,Japanese Yen,1.709438,0.584987
02-05-2025,Chinese Yuan Renminbi,0.085998,11.628129
03-05-2025,US Dollar,0.01183,84.528437
03-05-2025,Euro,0.010469,95.517698
03-05-2025,British Pound,0.008914,112.183402
03-05-2025,Australian Dollar,0.018357,54.474303
03-05-2025,Canadian Dollar,0.016348,61.167907
03-05-2025,Singapore Dollar,0.015361,65.100478
03-05-2025,Swiss Franc,0.009782,102.23118
03-05-2025,Malaysian Ringgit,0.05041,19.837479
03-05-2025,Japanese Yen,1.714783,0.583164
03-05-2025,Chinese Yuan Renminbi,0.086016,11.625794
04-05-2025,US Dollar,0.011831,84.522917
04-05-2025,Euro,0.010472,95.491273
04-05-2025,British Pound,0.008912,112.20403
04-05-2025,Australian Dollar,0.018399,54.349924
04-05-2025,Canadian Dollar,0.016383,61.03945
04-05-2025,Singapore Dollar,0.01537,65.062946
04-05-2025,Swiss Franc,0.009784,102.210915
04-05-2025,Malaysian Ringgit,0.050408,19.838242
04-05-2025,Japanese Yen,1.713307,0.583667
04-05-2025,Chinese Yuan Renminbi,0.086022,11.62491
05-05-2025,US Dollar,0.01187,84.24834
05-05-2025,Euro,0.010491,95.322325
05-05-2025,British Pound,0.008937,111.897659
05-05-2025,Australian Dollar,0.018347,54.504388
05-05-2025,Canadian Dollar,0.016396,60.992019
05-05-2025,Singapore Dollar,0.015318,65.28458
05-05-2025,Swiss Franc,0.00978,102.247779
05-05-2025,Malaysian Ringgit,0.049858,20.056921
05-05-2025,Japanese Yen,1.709217,0.585063
05-05-2025,Chinese Yuan Renminbi,0.086311,11.586051
06-05-2025,US Dollar,0.01186,84.315193
06-05-2025,Euro,0.010455,95.647923
06-05-2025,British Pound,0.008873,112.706996
06-05-2025,Australian Dollar,0.018282,54.697522
06-05-2025,Canadian Dollar,0.016339,61.203239
06-05-2025,Singapore Dollar,0.015283,65.430764
06-05-2025,Swiss Franc,0.009777,102.278997
06-05-2025,Malaysian Ringgit,0.050202,19.919527
06-05-2025,Japanese Yen,1.6935,0.590493
06-05-2025,Chinese Yuan Renminbi,0.085599,11.682383
07-05-2025,US Dollar,0.011802,84.733138
07-05-2025,Euro,0.0104,96.154912
07-05-2025,British Pound,0.008843,113.080913
07-05-2025,Australian Dollar,0.018264,54.753251
07-05-2025,Canadian Dollar,0.016256,61.5156
07-05-2025,Singapore Dollar,0.015243,65.602849
07-05-2025,Swiss Franc,0.009694,103.15461
07-05-2025,Malaysian Ringgit,0.05003,19.988027
07-05-2025,Japanese Yen,1.693065,0.590645
07-05-2025,Chinese Yuan Renminbi,0.085268,11.72776
08-05-2025,US Dollar,0.011671,85.68387
08-05-2025,Euro,0.010377,96.370795
08-05-2025,British Pound,0.008786,113.820475
08-05-2025,Australian Dollar,0.018191,54.97354
08-05-2025,Canadian Dollar,0.016241,61.573485
08-05-2025,Singapore Dollar,0.015161,65.956618
08-05-2025,Swiss Franc,0.009678,103.324926
08-05-2025,Malaysian Ringgit,0.049958,20.016709
08-05-2025,Japanese Yen,1.697685,0.589037
08-05-2025,Chinese Yuan Renminbi,0.084455,11.840611
09-05-2025,US Dollar,0.011703,85.450303
09-05-2025,Euro,0.010384,96.304435
09-05-2025,British Pound,0.00879,113.769013
09-05-2025,Australian Dollar,0.01822,54.885827
09-05-2025,Canadian Dollar,0.016299,61.352247
09-05-2025,Singapore Dollar,0.015181,65.873091
09-05-2025,Swiss Franc,0.009711,102.973681
09-05-2025,Malaysian Ringgit,0.050293,19.883333
09-05-2025,Japanese Yen,1.698796,0.588652
09-05-2025,Chinese Yuan Renminbi,0.084691,11.807649
10-05-2025,US Dollar,0.011712,85.384571
10-05-2025,Euro,0.01041,96.060977
10-05-2025,British Pound,0.008803,113.59147
10-05-2025,Australian Dollar,0.01826,54.763125
10-05-2025,Canadian Dollar,0.016326,61.250157
10-05-2025,Singapore Dollar,0.015203,65.777426
10-05-2025,Swiss Franc,0.009739,102.684531
10-05-2025,Malaysian Ringgit,0.050327,19.870224
10-05-2025,Japanese Yen,1.702919,0.587227
10-05-2025,Chinese Yuan Renminbi,0.084751,11.799225
11-05-2025,US Dollar,0.011709,85.404021
11-05-2025,Euro,0.010408,96.078101
11-05-2025,British Pound,0.008802,113.604703
11-05-2025,Australian Dollar,0.018263,54.754032
11-05-2025,Canadian Dollar,0.016321,61.269582
11-05-2025,Singapore Dollar,0.015202,65.782539
11-05-2025,Swiss Franc,0.009742,102.645251
11-05-2025,Malaysian Ringgit,0.050256,19.898043
11-05-2025,Japanese Yen,1.703851,0.586906
11-05-2025,Chinese Yuan Renminbi,0.084739,11.800899
12-05-2025,US Dollar,0.011771,84.951604
12-05-2025,Euro,0.010601,94.327208
12-05-2025,British Pound,0.008924,112.056096
12-05-2025,Australian Dollar,0.018486,54.095867
12-05-2025,Canadian Dollar,0.016486,60.659145
12-05-2025,Singapore Dollar,0.015375,65.039583
12-05-2025,Swiss Franc,0.009922,100.788347
12-05-2025,Malaysian Ringgit,0.050601,19.762612
12-05-2025,Japanese Yen,1.743441,0.573578
12-05-2025,Chinese Yuan Renminbi,0.084788,11.794185
13-05-2025,US Dollar,0.011735,85.215102
13-05-2025,Euro,0.0105,95.236639
13-05-2025,British Pound,0.008838,113.145285
13-05-2025,Australian Dollar,0.018133,55.147807
13-05-2025,Canadian Dollar,0.016381,61.048114
13-05-2025,Singapore Dollar,0.015287,65.414448
13-05-2025,Swiss Franc,0.00987,101.318533
13-05-2025,Malaysian Ringgit,0.05072,19.715929
13-05-2025,Japanese Yen,1.733679,0.576808
13-05-2025,Chinese Yuan Renminbi,0.084553,11.826853
14-05-2025,US Dollar,0.011714,85.369391
14-05-2025,Euro,0.010455,95.647948
14-05-2025,British Pound,0.008807,113.542915
14-05-2025,Australian Dollar,0.018173,55.0261
14-05-2025,Canadian Dollar,0.016359,61.127949
14-05-2025,Singapore Dollar,0.015224,65.68467
14-05-2025,Swiss Franc,0.009838,101.641796
14-05-2025,Malaysian Ringgit,0.050261,19.896133
14-05-2025,Japanese Yen,1.716815,0.582474
14-05-2025,Chinese Yuan Renminbi,0.084419,11.845614
15-05-2025,US Dollar,0.011689,85.552264
15-05-2025,Euro,0.010448,95.712046
15-05-2025,British Pound,0.008795,113.702485
15-05-2025,Australian Dollar,0.018258,54.769635
15-05-2025,Canadian Dollar,0.016352,61.152803
15-05-2025,Singapore Dollar,0.015161,65.957497
15-05-2025,Swiss Franc,0.009773,102.322979
15-05-2025,Malaysian Ringgit,0.050076,19.969491
15-05-2025,Japanese Yen,1.702254,0.587456
15-05-2025,Chinese Yuan Renminbi,0.084262,11.867718
16-05-2025,US Dollar,0.011688,85.556418
16-05-2025,Euro,0.010491,95.319109
16-05-2025,British Pound,0.008817,113.420324
16-05-2025,Australian Dollar,0.018283,54.696504
16-05-2025,Canadian Dollar,0.016353,61.151803
16-05-2025,Singapore Dollar,0.0152,65.788931
16-05-2025,Swiss Franc,0.009814,101.892181
16-05-2025,Malaysian Ringgit,0.050198,19.921154
16-05-2025,Japanese Yen,1.706765,0.585904
16-05-2025,Chinese Yuan Renminbi,0.084267,11.867005
17-05-2025,US Dollar,0.011685,85.580174
17-05-2025,Euro,0.010467,95.540566
17-05-2025,British Pound,0.008798,113.666604
17-05-2025,Australian Dollar,0.018222,54.879386
17-05-2025,Canadian Dollar,0.016323,61.263371
17-05-2025,Singapore Dollar,0.015195,65.811951
17-05-2025,Swiss Franc,0.009788,102.165888
17-05-2025,Malaysian Ringgit,0.050196,19.921975
17-05-2025,Japanese Yen,1.701689,0.587652
17-05-2025,Chinese Yuan Renminbi,0.084237,11.871256
18-05-2025,US Dollar,0.011685,85.578469
18-05-2025,Euro,0.010469,95.523444
18-05-2025,British Pound,0.008802,113.608584
18-05-2025,Australian Dollar,0.018249,54.796668
18-05-2025,Canadian Dollar,0.016318,61.282593
18-05-2025,Singapore Dollar,0.015189,65.836718
18-05-2025,Swiss Franc,0.00979,102.142042
18-05-2025,Malaysian Ringgit,0.050197,19.921609
18-05-2025,Japanese Yen,1.700803,0.587957
18-05-2025,Chinese Yuan Renminbi,0.084238,11.871197
19-05-2025,US Dollar,0.011707,85.421551
19-05-2025,Euro,0.010419,95.974743
19-05-2025,British Pound,0.008766,114.078211
19-05-2025,Australian Dollar,0.018129,55.158917
19-05-2025,Canadian Dollar,0.01633,61.237126
19-05-2025,Singapore Dollar,0.015161,65.960665
19-05-2025,Swiss Franc,0.009767,102.389463
19-05-2025,Malaysian Ringgit,0.050251,19.900141
19-05-2025,Japanese Yen,1.697561,0.589081
19-05-2025,Chinese Yuan Renminbi,0.084456,11.840433
20-05-2025,US Dollar,0.011688,85.556523
20-05-2025,Euro,0.010386,96.285368
20-05-2025,British Pound,0.008741,114.40988
20-05-2025,Australian Dollar,0.018251,54.792769
20-05-2025,Canadian Dollar,0.016297,61.360411
20-05-2025,Singapore Dollar,0.015142,66.042699
20-05-2025,Swiss Franc,0.009726,102.817439
20-05-2025,Malaysian Ringgit,0.050234,19.90671
20-05-2025,Japanese Yen,1.691577,0.591164
20-05-2025,Chinese Yuan Renminbi,0.084378,11.85145
21-05-2025,US Dollar,0.011681,85.605782
21-05-2025,Euro,0.010301,97.082534
21-05-2025,British Pound,0.008689,115.094606
21-05-2025,Australian Dollar,0.018067,55.350906
21-05-2025,Canadian Dollar,0.016149,61.923513
21-05-2025,Singapore Dollar,0.015046,66.4647
21-05-2025,Swiss Franc,0.009641,103.726086
21-05-2025,Malaysian Ringgit,0.049898,20.041071
21-05-2025,Japanese Yen,1.678649,0.595717
21-05-2025,Chinese Yuan Renminbi,0.084138,11.885266
22-05-2025,US Dollar,0.011629,85.992016
22-05-2025,Euro,0.010309,97.004891
22-05-2025,British Pound,0.008662,115.441968
22-05-2025,Australian Dollar,0.018126,55.169439
22-05-2025,Canadian Dollar,0.016115,62.052762
22-05-2025,Singapore Dollar,0.015018,66.584607
22-05-2025,Swiss Franc,0.009643,103.706344
22-05-2025,Malaysian Ringgit,0.049705,20.118856
22-05-2025,Japanese Yen,1.673379,0.597593
22-05-2025,Chinese Yuan Renminbi,0.08379,11.934549
23-05-2025,US Dollar,0.01174,85.175859
23-05-2025,Euro,0.010346,96.657752
23-05-2025,British Pound,0.008691,115.058425
23-05-2025,Australian Dollar,0.018131,55.154816
23-05-2025,Canadian Dollar,0.016154,61.905754
23-05-2025,Singapore Dollar,0.015085,66.292321
23-05-2025,Swiss Franc,0.009645,103.677295
23-05-2025,Malaysian Ringgit,0.049694,20.123345
23-05-2025,Japanese Yen,1.674365,0.597241
23-05-2025,Chinese Yuan Renminbi,0.084309,11.86117
24-05-2025,US Dollar,0.011744,85.148343
24-05-2025,Euro,0.010331,96.797995
24-05-2025,British Pound,0.00868,115.207793
24-05-2025,Australian Dollar,0.018084,55.297947
24-05-2025,Canadian Dollar,0.016134,61.982154
24-05-2025,Singapore Dollar,0.015098,66.234281
24-05-2025,Swiss Franc,0.009643,103.704777
24-05-2025,Malaysian Ringgit,0.049687,20.126005
24-05-2025,Japanese Yen,1.674325,0.597256
24-05-2025,Chinese Yuan Renminbi,0.084322,11.859232
25-05-2025,US Dollar,0.011754,85.076966
25-05-2025,Euro,0.010343,96.688221
25-05-2025,British Pound,0.008708,114.836484
25-05-2025,Australian Dollar,0.018112,55.211311
25-05-2025,Canadian Dollar,0.01614,61.957366
25-05-2025,Singapore Dollar,0.015097,66.23647
25-05-2025,Swiss Franc,0.009654,103.581843
25-05-2025,Malaysian Ringgit,0.049726,20.110328
25-05-2025,Japanese Yen,1.675209,0.59694
25-05-2025,Chinese Yuan Renminbi,0.084392,11.849487
26-05-2025,US Dollar,0.011751,85.100262
26-05-2025,Euro,0.010325,96.854658
26-05-2025,British Pound,0.008664,115.414141
26-05-2025,Australian Dollar,0.018093,55.269467
26-05-2025,Canadian Dollar,0.016135,61.976284
26-05-2025,Singapore Dollar,0.015089,66.272653
26-05-2025,Swiss Franc,0.009643,103.703781
26-05-2025,Malaysian Ringgit,0.04957,20.173638
26-05-2025,Japanese Yen,1.678597,0.595736
26-05-2025,Chinese Yuan Renminbi,0.084456,11.840468
27-05-2025,US Dollar,0.011719,85.334305
27-05-2025,Euro,0.010347,96.643487
27-05-2025,British Pound,0.008679,115.219859
27-05-2025,Australian Dollar,0.018208,54.919721
27-05-2025,Canadian Dollar,0.016146,61.934122
27-05-2025,Singapore Dollar,0.015108,66.191364
27-05-2025,Swiss Franc,0.009701,103.079251
27-05-2025,Malaysian Ringgit,0.049657,20.13818
27-05-2025,Japanese Yen,1.69195,0.591034
27-05-2025,Chinese Yuan Renminbi,0.084323,11.859141
28-05-2025,US Dollar,0.011712,85.38427
28-05-2025,Euro,0.010378,96.357942
28-05-2025,British Pound,0.008701,114.927173
28-05-2025,Australian Dollar,0.018253,54.786975
28-05-2025,Canadian Dollar,0.016187,61.778641
28-05-2025,Singapore Dollar,0.015108,66.18855
28-05-2025,Swiss Franc,0.009694,103.153042
28-05-2025,Malaysian Ringgit,0.049493,20.204727
28-05-2025,Japanese Yen,1.69874,0.588672
28-05-2025,Chinese Yuan Renminbi,0.084264,11.867458
29-05-2025,US Dollar,0.011707,85.422458
29-05-2025,Euro,0.010298,97.105806
29-05-2025,British Pound,0.00868,115.210176
29-05-2025,Australian Dollar,0.018175,55.02095
29-05-2025,Canadian Dollar,0.016167,61.854119
29-05-2025,Singapore Dollar,0.015062,66.393414
29-05-2025,Swiss Franc,0.009633,103.808161
29-05-2025,Malaysian Ringgit,0.049686,20.126294
29-05-2025,Japanese Yen,1.686791,0.592842
29-05-2025,Chinese Yuan Renminbi,0.084124,11.887231
30-05-2025,US Dollar,0.011689,85.552925
30-05-2025,Euro,0.010302,97.073241
30-05-2025,British Pound,0.008679,115.217509
30-05-2025,Australian Dollar,0.018169,55.037831
30-05-2025,Canadian Dollar,0.016069,62.230076
30-05-2025,Singapore Dollar,0.015081,66.308772
30-05-2025,Swiss Franc,0.009622,103.93305
30-05-2025,Malaysian Ringgit,0.049743,20.103201
30-05-2025,Japanese Yen,1.685546,0.593279
30-05-2025,Chinese Yuan Renminbi,0.084154,11.882969
31-05-2025,US Dollar,0.011695,85.509413
31-05-2025,Euro,0.010306,97.031024
31-05-2025,British Pound,0.00869,115.075825
31-05-2025,Australian Dollar,0.01818,55.004173
31-05-2025,Canadian Dollar,0.01607,62.227644
31-05-2025,Singapore Dollar,0.015102,66.217507
31-05-2025,Swiss Franc,0.009618,103.976841
31-05-2025,Malaysian Ringgit,0.049782,20.087744
31-05-2025,Japanese Yen,1.684654,0.593594
31-05-2025,Chinese Yuan Renminbi,0.08419,11.877872
01-06-2025,US Dollar,0.011688,85.556824
01-06-2025,Euro,0.010301,97.076864
01-06-2025,British Pound,0.008678,115.227567
01-06-2025,Australian Dollar,0.018172,55.028566
01-06-2025,Canadian Dollar,0.016059,62.27078
01-06-2025,Singapore Dollar,0.015091,66.263938
01-06-2025,Swiss Franc,0.009599,104.173644
01-06-2025,Malaysian Ringgit,0.049753,20.099204
01-06-2025,Japanese Yen,1.68277,0.594258
01-06-2025,Chinese Yuan Renminbi,0.084144,11.884447
02-06-2025,US Dollar,0.011714,85.370437
02-06-2025,Euro,0.010248,97.580304
02-06-2025,British Pound,0.008646,115.657121
02-06-2025,Australian Dollar,0.018042,55.427602
02-06-2025,Canadian Dollar,0.01605,62.305239
02-06-2025,Singapore Dollar,0.015059,66.405011
02-06-2025,Swiss Franc,0.009576,104.424304
02-06-2025,Malaysian Ringgit,0.049853,20.058874
02-06-2025,Japanese Yen,1.672483,0.597913
02-06-2025,Chinese Yuan Renminbi,0.084332,11.857864
03-06-2025,US Dollar,0.011672,85.676762
03-06-2025,Euro,0.010263,97.435072
03-06-2025,British Pound,0.008633,115.835803
03-06-2025,Australian Dollar,0.018065,55.356036
03-06-2025,Canadian Dollar,0.016017,62.432885
03-06-2025,Singapore Dollar,0.015052,66.436372
03-06-2025,Swiss Franc,0.009621,103.935343
03-06-2025,Malaysian Ringgit,0.049551,20.181301
03-06-2025,Japanese Yen,1.680031,0.595227
03-06-2025,Chinese Yuan Renminbi,0.083895,11.919613
04-06-2025,US Dollar,0.011641,85.903882
04-06-2025,Euro,0.01019,98.133133
04-06-2025,British Pound,0.00858,116.544846
04-06-2025,Australian Dollar,0.017919,55.808001
04-06-2025,Canadian Dollar,0.015915,62.831871
04-06-2025,Singapore Dollar,0.014972,66.79189
04-06-2025,Swiss Franc,0.009527,104.961565
04-06-2025,Malaysian Ringgit,0.04944,20.226424
04-06-2025,Japanese Yen,1.664009,0.600958
04-06-2025,Chinese Yuan Renminbi,0.083615,11.959527
05-06-2025,US Dollar,0.011649,85.845739
05-06-2025,Euro,0.010183,98.203756
05-06-2025,British Pound,0.008577,116.595627
05-06-2025,Australian Dollar,0.017877,55.938958
05-06-2025,Canadian Dollar,0.015921,62.811825
05-06-2025,Singapore Dollar,0.014986,66.728112
05-06-2025,Swiss Franc,0.009565,104.551824
05-06-2025,Malaysian Ringgit,0.049275,20.294068
05-06-2025,Japanese Yen,1.676014,0.596654
05-06-2025,Chinese Yuan Renminbi,0.083581,11.964406
06-06-2025,US Dollar,0.011659,85.773005
06-06-2025,Euro,0.010229,97.76137
06-06-2025,British Pound,0.008616,116.060184
06-06-2025,Australian Dollar,0.017948,55.717094
06-06-2025,Canadian Dollar,0.015956,62.670628
06-06-2025,Singapore Dollar,0.015034,66.515329
06-06-2025,Swiss Franc,0.009584,104.33733
06-06-2025,Malaysian Ringgit,0.049314,20.278348
06-06-2025,Japanese Yen,1.689038,0.592053
06-06-2025,Chinese Yuan Renminbi,0.083832,11.928689
07-06-2025,US Dollar,0.01166,85.763117
07-06-2025,Euro,0.010234,97.711703
07-06-2025,British Pound,0.008612,116.118642
07-06-2025,Australian Dollar,0.017988,55.59141
07-06-2025,Canadian Dollar,0.015971,62.61359
07-06-2025,Singapore Dollar,0.015035,66.512351
07-06-2025,Swiss Franc,0.009606,104.101317
07-06-2025,Malaysian Ringgit,0.049297,20.285031
07-06-2025,Japanese Yen,1.690206,0.591644
07-06-2025,Chinese Yuan Renminbi,0.08382,11.930264
08-06-2025,US Dollar,0.01166,85.76259
08-06-2025,Euro,0.010237,97.689363
08-06-2025,British Pound,0.008617,116.055421
08-06-2025,Australian Dollar,0.017961,55.677623
08-06-2025,Canadian Dollar,0.015964,62.642168
08-06-2025,Singapore Dollar,0.015035,66.509939
08-06-2025,Swiss Franc,0.009587,104.31287
08-06-2025,Malaysian Ringgit,0.049298,20.284974
08-06-2025,Japanese Yen,1.688933,0.59209
08-06-2025,Chinese Yuan Renminbi,0.08382,11.930385
09-06-2025,US Dollar,0.011674,85.66
09-06-2025,Euro,0.010218,97.869093
09-06-2025,British Pound,0.008607,116.184663
09-06-2025,Australian Dollar,0.01789,55.897702
09-06-2025,Canadian Dollar,0.015966,62.631328
09-06-2025,Singapore Dollar,0.015003,66.652447
09-06-2025,Swiss Franc,0.009578,104.401188
09-06-2025,Malaysian Ringgit,0.049418,20.235473
09-06-2025,Japanese Yen,1.685299,0.593367
09-06-2025,Chinese Yuan Renminbi,0.083835,11.9282
10-06-2025,US Dollar,0.011683,85.596657
10-06-2025,Euro,0.010228,97.768645
10-06-2025,British Pound,0.008649,115.61559
10-06-2025,Australian Dollar,0.017916,55.816226
10-06-2025,Canadian Dollar,0.015988,62.54855
10-06-2025,Singapore Dollar,0.015037,66.501386
10-06-2025,Swiss Franc,0.009604,104.121378
10-06-2025,Malaysian Ringgit,0.049492,20.205099
10-06-2025,Japanese Yen,1.693083,0.590639
10-06-2025,Chinese Yuan Renminbi,0.083967,11.909419
11-06-2025,US Dollar,0.011701,85.460277
11-06-2025,Euro,0.010184,98.193449
11-06-2025,British Pound,0.008632,115.845757
11-06-2025,Australian Dollar,0.017947,55.721088
11-06-2025,Canadian Dollar,0.015988,62.545525
11-06-2025,Singapore Dollar,0.015025,66.557459
11-06-2025,Swiss Franc,0.00959,104.274853
11-06-2025,Malaysian Ringgit,0.049576,20.171218
11-06-2025,Japanese Yen,1.690862,0.591414
11-06-2025,Chinese Yuan Renminbi,0.084171,11.880571
12-06-2025,US Dollar,0.011683,85.591751
12-06-2025,Euro,0.01009,99.105321
12-06-2025,British Pound,0.008599,116.294609
12-06-2025,Australian Dollar,0.01791,55.835648
12-06-2025,Canadian Dollar,0.015911,62.849868
12-06-2025,Singapore Dollar,0.014944,66.917945
12-06-2025,Swiss Franc,0.009492,105.348316
12-06-2025,Malaysian Ringgit,0.049322,20.274991
12-06-2025,Japanese Yen,1.678156,0.595892
12-06-2025,Chinese Yuan Renminbi,0.083809,11.931856
13-06-2025,US Dollar,0.011613,86.109649
13-06-2025,Euro,0.010049,99.508944
13-06-2025,British Pound,0.008543,117.049564
13-06-2025,Australian Dollar,0.017836,56.065592
13-06-2025,Canadian Dollar,0.015766,63.428024
13-06-2025,Singapore Dollar,0.014875,67.224928
13-06-2025,Swiss Franc,0.009426,106.089358
13-06-2025,Malaysian Ringgit,0.049307,20.280914
13-06-2025,Japanese Yen,1.672963,0.597742
13-06-2025,Chinese Yuan Renminbi,0.083402,11.990078
14-06-2025,US Dollar,0.011616,86.088176
14-06-2025,Euro,0.010057,99.431977
14-06-2025,British Pound,0.008558,116.843617
14-06-2025,Australian Dollar,0.017904,55.854041
14-06-2025,Canadian Dollar,0.015782,63.362509
14-06-2025,Singapore Dollar,0.014888,67.16778
14-06-2025,Swiss Franc,0.009423,106.123129
14-06-2025,Malaysian Ringgit,0.04932,20.275649
14-06-2025,Japanese Yen,1.67445,0.597211
14-06-2025,Chinese Yuan Renminbi,0.083414,11.988329
15-06-2025,US Dollar,0.011616,86.086973
15-06-2025,Euro,0.010056,99.44488
15-06-2025,British Pound,0.008553,116.92094
15-06-2025,Australian Dollar,0.017904,55.853482
15-06-2025,Canadian Dollar,0.015779,63.374471
15-06-2025,Singapore Dollar,0.014888,67.16696
15-06-2025,Swiss Franc,0.009417,106.196153
15-06-2025,Malaysian Ringgit,0.049322,20.275099
15-06-2025,Japanese Yen,1.673919,0.597401
15-06-2025,Chinese Yuan Renminbi,0.083415,11.988271
16-06-2025,US Dollar,0.011639,85.921185
16-06-2025,Euro,0.01005,99.500539
16-06-2025,British Pound,0.008559,116.833252
16-06-2025,Australian Dollar,0.01781,56.146918
16-06-2025,Canadian Dollar,0.015779,63.374624
16-06-2025,Singapore Dollar,0.014886,67.176095
16-06-2025,Swiss Franc,0.009445,105.873026
16-06-2025,Malaysian Ringgit,0.049365,20.257102
16-06-2025,Japanese Yen,1.677512,0.596121
16-06-2025,Chinese Yuan Renminbi,0.083561,11.967346
17-06-2025,US Dollar,0.011585,86.31643
17-06-2025,Euro,0.010045,99.556039
17-06-2025,British Pound,0.008573,116.638768
17-06-2025,Australian Dollar,0.017788,56.216704
17-06-2025,Canadian Dollar,0.015744,63.517536
17-06-2025,Singapore Dollar,0.014866,67.267091
17-06-2025,Swiss Franc,0.009433,106.010081
17-06-2025,Malaysian Ringgit,0.049164,20.339966
17-06-2025,Japanese Yen,1.680486,0.595066
17-06-2025,Chinese Yuan Renminbi,0.083242,12.013228
18-06-2025,US Dollar,0.01157,86.431459
18-06-2025,Euro,0.010043,99.576151
18-06-2025,British Pound,0.00859,116.418775
18-06-2025,Australian Dollar,0.017749,56.342461
18-06-2025,Canadian Dollar,0.015834,63.153295
18-06-2025,Singapore Dollar,0.014852,67.330694
18-06-2025,Swiss Franc,0.009458,105.735429
18-06-2025,Malaysian Ringgit,0.049178,20.334443
18-06-2025,Japanese Yen,1.672819,0.597793
18-06-2025,Chinese Yuan Renminbi,0.08317,12.023531
19-06-2025,US Dollar,0.011518,86.818515
19-06-2025,Euro,0.010051,99.496552
19-06-2025,British Pound,0.008576,116.59907
19-06-2025,Australian Dollar,0.017846,56.035655
19-06-2025,Canadian Dollar,0.015822,63.203304
19-06-2025,Singapore Dollar,0.014846,67.35751
19-06-2025,Swiss Franc,0.009434,106.000415
19-06-2025,Malaysian Ringgit,0.049065,20.381026
19-06-2025,Japanese Yen,1.677423,0.596152
19-06-2025,Chinese Yuan Renminbi,0.082795,12.077987
20-06-2025,US Dollar,0.011546,86.607021
20-06-2025,Euro,0.010023,99.766976
20-06-2025,British Pound,0.008576,116.610561
20-06-2025,Australian Dollar,0.01789,55.895654
20-06-2025,Canadian Dollar,0.015862,63.043051
20-06-2025,Singapore Dollar,0.014859,67.297829
20-06-2025,Swiss Franc,0.009439,105.940715
20-06-2025,Malaysian Ringgit,0.049104,20.364894
20-06-2025,Japanese Yen,1.684885,0.593512
20-06-2025,Chinese Yuan Renminbi,0.082905,12.062002
21-06-2025,US Dollar,0.011551,86.572907
21-06-2025,Euro,0.010023,99.768651
21-06-2025,British Pound,0.008586,116.4728
21-06-2025,Australian Dollar,0.017872,55.952933
21-06-2025,Canadian Dollar,0.015858,63.059094
21-06-2025,Singapore Dollar,0.014863,67.281278
21-06-2025,Swiss Franc,0.009446,105.863541
21-06-2025,Malaysian Ringgit,0.049116,20.35982
21-06-2025,Japanese Yen,1.687322,0.592655
21-06-2025,Chinese Yuan Renminbi,0.08292,12.059872
22-06-2025,US Dollar,0.01155,86.579025
22-06-2025,Euro,0.010028,99.719914
22-06-2025,British Pound,0.008576,116.60737
22-06-2025,Australian Dollar,0.017872,55.953546
22-06-2025,Canadian Dollar,0.015827,63.181358
22-06-2025,Singapore Dollar,0.014864,67.277133
22-06-2025,Swiss Franc,0.009447,105.854651
22-06-2025,Malaysian Ringgit,0.049112,20.361477
22-06-2025,Japanese Yen,1.686168,0.593061
22-06-2025,Chinese Yuan Renminbi,0.082914,12.06064
23-06-2025,US Dollar,0.011544,86.626196
23-06-2025,Euro,0.010005,99.945062
23-06-2025,British Pound,0.008558,116.84966
23-06-2025,Australian Dollar,0.017977,55.626062
23-06-2025,Canadian Dollar,0.015898,62.902073
23-06-2025,Singapore Dollar,0.014866,67.265549
23-06-2025,Swiss Franc,0.009389,106.506932
23-06-2025,Malaysian Ringgit,0.04956,20.177509
23-06-2025,Japanese Yen,1.690983,0.591372
23-06-2025,Chinese Yuan Renminbi,0.082888,12.064471
24-06-2025,US Dollar,0.011633,85.962179
24-06-2025,Euro,0.010021,99.791828
24-06-2025,British Pound,0.008544,117.035718
24-06-2025,Australian Dollar,0.017902,55.860394
24-06-2025,Canadian Dollar,0.015952,62.688442
24-06-2025,Singapore Dollar,0.014892,67.15202
24-06-2025,Swiss Franc,0.009362,106.817772
24-06-2025,Malaysian Ringgit,0.049389,20.247501
24-06-2025,Japanese Yen,1.685492,0.593299
24-06-2025,Chinese Yuan Renminbi,0.083427,11.986501
25-06-2025,US Dollar,0.011618,86.070867
25-06-2025,Euro,0.01,100.00452
25-06-2025,British Pound,0.008528,117.255214
25-06-2025,Australian Dollar,0.0179,55.867372
25-06-2025,Canadian Dollar,0.015976,62.593063
25-06-2025,Singapore Dollar,0.014878,67.214012
25-06-2025,Swiss Franc,0.009361,106.822661
25-06-2025,Malaysian Ringgit,0.049242,20.307841
25-06-2025,Japanese Yen,1.691479,0.591199
25-06-2025,Chinese Yuan Renminbi,0.083379,11.993434
26-06-2025,US Dollar,0.011669,85.697862
26-06-2025,Euro,0.00996,100.403665
26-06-2025,British Pound,0.008485,117.851902
26-06-2025,Australian Dollar,0.017807,56.158024
26-06-2025,Canadian Dollar,0.015906,62.869465
26-06-2025,Singapore Dollar,0.014861,67.289494
26-06-2025,Swiss Franc,0.009325,107.237913
26-06-2025,Malaysian Ringgit,0.049351,20.262884
26-06-2025,Japanese Yen,1.684528,0.593638
26-06-2025,Chinese Yuan Renminbi,0.083646,11.955187
27-06-2025,US Dollar,0.011701,85.463814
27-06-2025,Euro,0.00998,100.196456
27-06-2025,British Pound,0.008529,117.245535
27-06-2025,Australian Dollar,0.017907,55.842894
27-06-2025,Canadian Dollar,0.015989,62.544498
27-06-2025,Singapore Dollar,0.014925,67.001805
27-06-2025,Swiss Franc,0.009348,106.978881
27-06-2025,Malaysian Ringgit,0.049464,20.216895
27-06-2025,Japanese Yen,1.693456,0.590508
27-06-2025,Chinese Yuan Renminbi,0.083921,11.915985
28-06-2025,US Dollar,0.011701,85.464919
28-06-2025,Euro,0.009985,100.145508
28-06-2025,British Pound,0.008527,117.273157
28-06-2025,Australian Dollar,0.017918,55.80911
28-06-2025,Canadian Dollar,0.016022,62.413513
28-06-2025,Singapore Dollar,0.01493,66.980691
28-06-2025,Swiss Franc,0.009347,106.990138
28-06-2025,Malaysian Ringgit,0.049479,20.210732
28-06-2025,Japanese Yen,1.692578,0.590815
28-06-2025,Chinese Yuan Renminbi,0.083918,11.916332
29-06-2025,US Dollar,0.011699,85.476249
29-06-2025,Euro,0.010008,99.923992
29-06-2025,British Pound,0.008548,116.991681
29-06-2025,Australian Dollar,0.017917,55.811486
29-06-2025,Canadian Dollar,0.016009,62.464891
29-06-2025,Singapore Dollar,0.014926,66.998371
29-06-2025,Swiss Franc,0.009406,106.319943
29-06-2025,Malaysian Ringgit,0.049471,20.213851
29-06-2025,Japanese Yen,1.693665,0.590436
29-06-2025,Chinese Yuan Renminbi,0.083902,11.918706
30-06-2025,US Dollar,0.011665,85.728724
30-06-2025,Euro,0.00991,100.908185
30-06-2025,British Pound,0.008501,117.630667
30-06-2025,Australian Dollar,0.017749,56.342441
30-06-2025,Canadian Dollar,0.015887,62.943608
30-06-2025,Singapore Dollar,0.01484,67.38675
30-06-2025,Swiss Franc,0.009261,107.977754
30-06-2025,Malaysian Ringgit,0.04914,20.349932
30-06-2025,Japanese Yen,1.681738,0.594623
30-06-2025,Chinese Yuan Renminbi,0.083563,11.966953
01-07-2025,US Dollar,0.011682,85.59948
01-07-2025,Euro,0.009921,100.797063
01-07-2025,British Pound,0.008513,117.463613
01-07-2025,Australian Dollar,0.017782,56.235921
01-07-2025,Canadian Dollar,0.015958,62.662965
01-07-2025,Singapore Dollar,0.014879,67.21103
01-07-2025,Swiss Franc,0.009265,107.931534
01-07-2025,Malaysian Ringgit,0.049042,20.3905
01-07-2025,Japanese Yen,1.677553,0.596107
01-07-2025,Chinese Yuan Renminbi,0.083707,11.946498
02-07-2025,US Dollar,0.011688,85.55467
02-07-2025,Euro,0.009914,100.864425
02-07-2025,British Pound,0.008581,116.54299
02-07-2025,Australian Dollar,0.017788,56.21717
02-07-2025,Canadian Dollar,0.015921,62.808614
02-07-2025,Singapore Dollar,0.014884,67.186416
02-07-2025,Swiss Franc,0.009259,107.997982
02-07-2025,Malaysian Ringgit,0.049413,20.237529
02-07-2025,Japanese Yen,1.680425,0.595088
02-07-2025,Chinese Yuan Renminbi,0.083753,11.939882
03-07-2025,US Dollar,0.011708,85.415134
03-07-2025,Euro,0.009958,100.421215
03-07-2025,British Pound,0.008575,116.612033
03-07-2025,Australian Dollar,0.017813,56.138351
03-07-2025,Canadian Dollar,0.015877,62.984672
03-07-2025,Singapore Dollar,0.014924,67.007055
03-07-2025,Swiss Franc,0.009312,107.393574
03-07-2025,Malaysian Ringgit,0.049437,20.227844
03-07-2025,Japanese Yen,1.697435,0.589124
03-07-2025,Chinese Yuan Renminbi,0.083929,11.91485
04-07-2025,US Dollar,0.0117,85.47295
04-07-2025,Euro,0.009932,100.683705
04-07-2025,British Pound,0.008574,116.626293
04-07-2025,Australian Dollar,0.017861,55.988733
04-07-2025,Canadian Dollar,0.015918,62.822861
04-07-2025,Singapore Dollar,0.014908,67.077181
04-07-2025,Swiss Franc,0.009281,107.744058
04-07-2025,Malaysian Ringgit,0.049387,20.248175
04-07-2025,Japanese Yen,1.691049,0.591349
04-07-2025,Chinese Yuan Renminbi,0.083832,11.928592
05-07-2025,US Dollar,0.011708,85.40961
05-07-2025,Euro,0.009942,100.58728
05-07-2025,British Pound,0.008577,116.597623
05-07-2025,Australian Dollar,0.017869,55.961657
05-07-2025,Canadian Dollar,0.01593,62.776191
05-07-2025,Singapore Dollar,0.014918,67.034205
05-07-2025,Swiss Franc,0.0093,107.525719
05-07-2025,Malaysian Ringgit,0.049423,20.233359
05-07-2025,Japanese Yen,1.691662,0.591135
05-07-2025,Chinese Yuan Renminbi,0.083871,11.923118
06-07-2025,US Dollar,0.011699,85.47566
06-07-2025,Euro,0.009937,100.630094
06-07-2025,British Pound,0.008572,116.665509
06-07-2025,Australian Dollar,0.017852,56.015482
06-07-2025,Canadian Dollar,0.015915,62.834264
06-07-2025,Singapore Dollar,0.01491,67.070287
06-07-2025,Swiss Franc,0.009291,107.632308
06-07-2025,Malaysian Ringgit,0.049383,20.249733
06-07-2025,Japanese Yen,1.686662,0.592887
06-07-2025,Chinese Yuan Renminbi,0.083819,11.930507
07-07-2025,US Dollar,0.011656,85.795576
07-07-2025,Euro,0.009933,100.670315
07-07-2025,British Pound,0.008548,116.992642
07-07-2025,Australian Dollar,0.0179,55.865167
07-07-2025,Canadian Dollar,0.015906,62.86835
07-07-2025,Singapore Dollar,0.014896,67.133363
07-07-2025,Swiss Franc,0.00929,107.647416
07-07-2025,Malaysian Ringgit,0.049361,20.258877
07-07-2025,Japanese Yen,1.700238,0.588153
07-07-2025,Chinese Yuan Renminbi,0.083623,11.958474
08-07-2025,US Dollar,0.011661,85.756916
08-07-2025,Euro,0.009961,100.388804
08-07-2025,British Pound,0.008591,116.396258
08-07-2025,Australian Dollar,0.017875,55.94289
08-07-2025,Canadian Dollar,0.015945,62.715232
08-07-2025,Singapore Dollar,0.014933,66.963576
08-07-2025,Swiss Franc,0.009296,107.572183
08-07-2025,Malaysian Ringgit,0.049442,20.225738
08-07-2025,Japanese Yen,1.712031,0.584101
08-07-2025,Chinese Yuan Renminbi,0.083665,11.952459
09-07-2025,US Dollar,0.011667,85.711109
09-07-2025,Euro,0.009966,100.338324
09-07-2025,British Pound,0.008589,116.429553
09-07-2025,Australian Dollar,0.017864,55.977523
09-07-2025,Canadian Dollar,0.015979,62.581228
09-07-2025,Singapore Dollar,0.014947,66.904603
09-07-2025,Swiss Franc,0.009283,107.723239
09-07-2025,Malaysian Ringgit,0.04958,20.169407
09-07-2025,Japanese Yen,1.709642,0.584918
09-07-2025,Chinese Yuan Renminbi,0.083771,11.937294
10-07-2025,US Dollar,0.011665,85.727634
10-07-2025,Euro,0.00998,100.197406
10-07-2025,British Pound,0.008597,116.313422
10-07-2025,Australian Dollar,0.017752,56.331804
10-07-2025,Canadian Dollar,0.015961,62.651514
10-07-2025,Singapore Dollar,0.014936,66.954012
10-07-2025,Swiss Franc,0.009298,107.547568
10-07-2025,Malaysian Ringgit,0.049553,20.180283
10-07-2025,Japanese Yen,1.708458,0.585323
10-07-2025,Chinese Yuan Renminbi,0.083701,11.947357
11-07-2025,US Dollar,0.011653,85.815642
11-07-2025,Euro,0.009963,100.371889
11-07-2025,British Pound,0.00863,115.872344
11-07-2025,Australian Dollar,0.017718,56.439116
11-07-2025,Canadian Dollar,0.015943,62.725064
11-07-2025,Singapore Dollar,0.014918,67.033305
11-07-2025,Swiss Franc,0.009279,107.771313
11-07-2025,Malaysian Ringgit,0.049559,20.177781
11-07-2025,Japanese Yen,1.716484,0.582586
11-07-2025,Chinese Yuan Renminbi,0.083537,11.970716
12-07-2025,US Dollar,0.011654,85.80453
12-07-2025,Euro,0.00997,100.297827
12-07-2025,British Pound,0.008629,115.884531
12-07-2025,Australian Dollar,0.01771,56.466123
12-07-2025,Canadian Dollar,0.015958,62.663433
12-07-2025,Singapore Dollar,0.014918,67.034133
12-07-2025,Swiss Franc,0.009278,107.781447
12-07-2025,Malaysian Ringgit,0.049557,20.178906
12-07-2025,Japanese Yen,1.713528,0.583591
12-07-2025,Chinese Yuan Renminbi,0.083539,11.970399
13-07-2025,US Dollar,0.011649,85.842451
13-07-2025,Euro,0.009963,100.376368
13-07-2025,British Pound,0.008609,116.151732
13-07-2025,Australian Dollar,0.017701,56.493997
13-07-2025,Canadian Dollar,0.015953,62.684445
13-07-2025,Singapore Dollar,0.014906,67.085582
13-07-2025,Swiss Franc,0.009258,108.015017
13-07-2025,Malaysian Ringgit,0.049532,20.188941
13-07-2025,Japanese Yen,1.707464,0.585664
13-07-2025,Chinese Yuan Renminbi,0.083516,11.973792
14-07-2025,US Dollar,0.011627,86.008869
14-07-2025,Euro,0.009961,100.389701
14-07-2025,British Pound,0.008654,115.547419
14-07-2025,Australian Dollar,0.017751,56.333992
14-07-2025,Canadian Dollar,0.015923,62.803782
14-07-2025,Singapore Dollar,0.014909,67.071489
14-07-2025,Swiss Franc,0.009275,107.819695
14-07-2025,Malaysian Ringgit,0.04945,20.222513
14-07-2025,Japanese Yen,1.717168,0.582354
14-07-2025,Chinese Yuan Renminbi,0.083345,11.998263
15-07-2025,US Dollar,0.011632,85.966794
15-07-2025,Euro,0.010013,99.87375
15-07-2025,British Pound,0.008684,115.148821
15-07-2025,Australian Dollar,0.017843,56.043859
15-07-2025,Canadian Dollar,0.015952,62.687089
15-07-2025,Singapore Dollar,0.014946,66.905317
15-07-2025,Swiss Franc,0.009312,107.38766
15-07-2025,Malaysian Ringgit,0.049352,20.262697
15-07-2025,Japanese Yen,1.730825,0.577759
15-07-2025,Chinese Yuan Renminbi,0.083455,11.982557
16-07-2025,US Dollar,0.011622,86.043213
16-07-2025,Euro,0.010044,99.557098
16-07-2025,British Pound,0.00869,115.079484
16-07-2025,Australian Dollar,0.017883,55.919136
16-07-2025,Canadian Dollar,0.015978,62.585336
16-07-2025,Singapore Dollar,0.014961,66.840042
16-07-2025,Swiss Franc,0.009362,106.816447
16-07-2025,Malaysian Ringgit,0.049345,20.265432
16-07-2025,Japanese Yen,1.729702,0.578134
16-07-2025,Chinese Yuan Renminbi,0.083491,11.9773
